time,sensor,PM2.5,PM10
2020-06-07 00:00:59,sds011_4600,39.4,55.4
2020-06-07 00:02:11,sds011_4600,38.0,55.2
2020-06-07 00:03:22,sds011_4600,39.0,56.9
2020-06-07 00:04:33,sds011_4600,37.9,55.8
2020-06-07 00:05:45,sds011_4600,38.4,55.7
2020-06-07 00:06:56,sds011_4600,36.9,53.6
2020-06-07 00:08:07,sds011_4600,37.1,53.1
2020-06-07 00:09:18,sds011_4600,37.0,55.6
2020-06-07 00:10:30,sds011_4600,37.1,53.0
2020-06-07 00:11:41,sds011_4600,36.5,52.7
2020-06-07 00:12:45,sds011_4600,37.5,57.9
2020-06-07 00:13:56,sds011_4600,35.7,56.4
2020-06-07 00:15:08,sds011_4600,36.5,58.4
2020-06-07 00:16:19,sds011_4600,36.1,53.0
2020-06-07 00:17:30,sds011_4600,35.1,55.7
2020-06-07 00:18:42,sds011_4600,34.6,51.2
2020-06-07 00:19:53,sds011_4600,35.4,57.0
2020-06-07 00:20:57,sds011_4600,34.9,49.7
2020-06-07 00:22:10,sds011_4600,35.5,53.6
2020-06-07 00:23:21,sds011_4600,34.9,51.1
2020-06-07 00:24:33,sds011_4600,35.2,53.6
2020-06-07 00:25:44,sds011_4600,33.8,50.9
2020-06-07 00:26:50,sds011_4600,33.7,51.2
2020-06-07 00:28:01,sds011_4600,33.5,50.5
2020-06-07 00:29:12,sds011_4600,34.6,54.5
2020-06-07 00:30:24,sds011_4600,34.4,46.1
2020-06-07 00:31:36,sds011_4600,33.1,50.5
2020-06-07 00:32:47,sds011_4600,34.8,53.0
2020-06-07 00:33:59,sds011_4600,33.7,48.5
2020-06-07 00:35:10,sds011_4600,31.9,47.0
2020-06-07 00:36:21,sds011_4600,33.1,54.5
2020-06-07 00:37:33,sds011_4600,30.9,43.1
2020-06-07 00:38:44,sds011_4600,33.0,47.2
2020-06-07 00:39:55,sds011_4600,31.5,50.8
2020-06-07 00:41:07,sds011_4600,32.1,49.0
2020-06-07 00:42:18,sds011_4600,30.9,47.8
2020-06-07 00:43:29,sds011_4600,31.7,44.4
2020-06-07 00:44:40,sds011_4600,31.5,50.0
2020-06-07 00:45:52,sds011_4600,31.8,47.9
2020-06-07 00:47:03,sds011_4600,30.2,47.2
2020-06-07 00:48:14,sds011_4600,30.0,46.0
2020-06-07 00:49:26,sds011_4600,30.6,45.5
2020-06-07 00:50:37,sds011_4600,30.5,46.9
2020-06-07 00:51:48,sds011_4600,29.7,45.3
2020-06-07 00:53:00,sds011_4600,29.9,48.9
2020-06-07 00:54:11,sds011_4600,29.9,44.3
2020-06-07 00:55:22,sds011_4600,30.2,46.5
2020-06-07 00:56:34,sds011_4600,30.0,42.7
2020-06-07 00:57:45,sds011_4600,29.8,45.8
2020-06-07 00:58:56,sds011_4600,29.7,47.1
2020-06-07 01:00:08,sds011_4600,29.5,44.0
2020-06-07 01:01:19,sds011_4600,28.9,42.5
2020-06-07 01:02:30,sds011_4600,28.3,41.3
2020-06-07 01:03:42,sds011_4600,28.1,41.3
2020-06-07 01:04:53,sds011_4600,28.4,44.4
2020-06-07 01:06:04,sds011_4600,28.1,40.5
2020-06-07 01:07:15,sds011_4600,28.0,42.8
2020-06-07 01:08:27,sds011_4600,27.3,40.4
2020-06-07 01:09:40,sds011_4600,27.1,40.7
2020-06-07 01:10:51,sds011_4600,26.4,43.8
2020-06-07 01:12:03,sds011_4600,26.1,38.4
2020-06-07 01:13:14,sds011_4600,25.9,39.4
2020-06-07 01:14:25,sds011_4600,26.0,40.2
2020-06-07 01:15:37,sds011_4600,26.2,38.8
2020-06-07 01:16:48,sds011_4600,26.0,43.3
2020-06-07 01:17:59,sds011_4600,25.2,37.5
2020-06-07 01:19:11,sds011_4600,26.1,39.8
2020-06-07 01:20:22,sds011_4600,25.3,38.9
2020-06-07 01:21:33,sds011_4600,25.9,39.6
2020-06-07 01:22:45,sds011_4600,25.0,39.9
2020-06-07 01:23:56,sds011_4600,24.3,40.1
2020-06-07 01:25:07,sds011_4600,25.0,41.5
2020-06-07 01:26:18,sds011_4600,24.4,38.7
2020-06-07 01:27:30,sds011_4600,24.8,37.5
2020-06-07 01:28:41,sds011_4600,24.3,39.8
2020-06-07 01:29:52,sds011_4600,24.1,40.6
2020-06-07 01:31:04,sds011_4600,22.4,33.9
2020-06-07 01:32:15,sds011_4600,22.8,38.0
2020-06-07 01:33:26,sds011_4600,23.2,36.9
2020-06-07 01:34:38,sds011_4600,23.4,35.0
2020-06-07 01:35:49,sds011_4600,22.2,35.5
2020-06-07 01:37:00,sds011_4600,22.4,33.2
2020-06-07 01:38:11,sds011_4600,22.4,36.6
2020-06-07 01:39:23,sds011_4600,21.8,35.9
2020-06-07 01:40:34,sds011_4600,21.5,32.7
2020-06-07 01:41:39,sds011_4600,20.8,32.2
2020-06-07 01:42:51,sds011_4600,21.6,35.4
2020-06-07 01:44:02,sds011_4600,21.4,33.7
2020-06-07 01:45:14,sds011_4600,20.9,30.4
2020-06-07 01:46:27,sds011_4600,21.1,32.7
2020-06-07 01:47:30,sds011_4600,20.7,33.0
2020-06-07 01:48:42,sds011_4600,20.6,32.0
2020-06-07 01:49:53,sds011_4600,20.6,32.1
2020-06-07 01:51:04,sds011_4600,21.0,33.3
2020-06-07 01:52:16,sds011_4600,19.9,36.2
2020-06-07 01:53:19,sds011_4600,20.7,35.9
2020-06-07 01:54:30,sds011_4600,20.4,33.2
2020-06-07 01:55:42,sds011_4600,19.7,34.0
2020-06-07 01:56:53,sds011_4600,21.6,38.1
2020-06-07 01:58:04,sds011_4600,20.0,32.4
2020-06-07 01:59:15,sds011_4600,19.9,33.6
2020-06-07 02:00:27,sds011_4600,19.2,31.8
2020-06-07 02:01:38,sds011_4600,18.9,31.7
2020-06-07 02:02:49,sds011_4600,17.8,32.3
2020-06-07 02:04:01,sds011_4600,18.6,31.1
2020-06-07 02:05:12,sds011_4600,18.1,30.7
2020-06-07 02:06:23,sds011_4600,18.0,28.0
2020-06-07 02:07:35,sds011_4600,18.0,30.2
2020-06-07 02:08:46,sds011_4600,16.9,29.9
2020-06-07 02:09:57,sds011_4600,18.2,33.5
2020-06-07 02:11:08,sds011_4600,16.2,26.6
2020-06-07 02:12:20,sds011_4600,16.0,27.3
2020-06-07 02:13:33,sds011_4600,16.1,26.8
2020-06-07 02:14:45,sds011_4600,16.0,26.5
2020-06-07 02:15:56,sds011_4600,16.0,28.1
2020-06-07 02:17:07,sds011_4600,17.3,31.3
2020-06-07 02:18:18,sds011_4600,15.8,25.8
2020-06-07 02:19:30,sds011_4600,14.9,25.1
2020-06-07 02:20:41,sds011_4600,15.6,28.3
2020-06-07 02:21:52,sds011_4600,15.3,28.3
2020-06-07 02:23:04,sds011_4600,14.9,25.8
2020-06-07 02:24:07,sds011_4600,14.7,25.8
2020-06-07 02:25:18,sds011_4600,14.6,27.6
2020-06-07 02:26:30,sds011_4600,14.6,26.1
2020-06-07 02:27:41,sds011_4600,14.9,24.9
2020-06-07 02:28:54,sds011_4600,14.2,24.4
2020-06-07 02:30:06,sds011_4600,14.1,21.8
2020-06-07 02:31:17,sds011_4600,13.5,21.5
2020-06-07 02:32:28,sds011_4600,13.9,23.7
2020-06-07 02:33:40,sds011_4600,14.4,23.7
2020-06-07 02:34:43,sds011_4600,13.7,23.4
2020-06-07 02:35:46,sds011_4600,13.4,23.1
2020-06-07 02:36:58,sds011_4600,12.7,26.9
2020-06-07 02:38:09,sds011_4600,13.0,22.4
2020-06-07 02:39:12,sds011_4600,13.2,24.8
2020-06-07 02:40:23,sds011_4600,13.1,29.6
2020-06-07 02:41:35,sds011_4600,12.5,23.6
2020-06-07 02:42:48,sds011_4600,12.9,25.9
2020-06-07 02:44:00,sds011_4600,12.8,24.2
2020-06-07 02:45:11,sds011_4600,12.5,23.0
2020-06-07 02:46:22,sds011_4600,13.1,27.0
2020-06-07 02:47:34,sds011_4600,12.0,21.1
2020-06-07 02:48:39,sds011_4600,12.6,22.9
2020-06-07 02:49:50,sds011_4600,11.6,22.5
2020-06-07 02:50:54,sds011_4600,11.7,22.7
2020-06-07 02:52:05,sds011_4600,11.3,25.5
2020-06-07 02:53:16,sds011_4600,11.9,24.2
2020-06-07 02:54:27,sds011_4600,11.7,21.4
2020-06-07 02:55:39,sds011_4600,12.0,21.3
2020-06-07 02:56:50,sds011_4600,12.1,21.6
2020-06-07 02:58:01,sds011_4600,11.1,18.8
2020-06-07 02:59:13,sds011_4600,11.6,20.7
2020-06-07 03:00:24,sds011_4600,11.3,24.1
2020-06-07 03:01:35,sds011_4600,11.4,19.4
2020-06-07 03:02:47,sds011_4600,10.8,19.0
2020-06-07 03:03:58,sds011_4600,11.6,23.2
2020-06-07 03:05:09,sds011_4600,11.0,20.0
2020-06-07 03:06:21,sds011_4600,11.4,21.7
2020-06-07 03:07:32,sds011_4600,10.9,22.2
2020-06-07 03:08:43,sds011_4600,10.0,17.9
2020-06-07 03:09:55,sds011_4600,10.7,21.2
2020-06-07 03:11:06,sds011_4600,10.4,16.8
2020-06-07 03:12:17,sds011_4600,10.3,16.7
2020-06-07 03:13:28,sds011_4600,10.1,17.4
2020-06-07 03:14:40,sds011_4600,10.3,18.8
2020-06-07 03:15:51,sds011_4600,10.3,20.3
2020-06-07 03:17:02,sds011_4600,10.2,19.9
2020-06-07 03:18:14,sds011_4600,9.9,16.6
2020-06-07 03:19:25,sds011_4600,9.9,19.8
2020-06-07 03:20:36,sds011_4600,10.0,19.9
2020-06-07 03:21:48,sds011_4600,9.3,16.0
2020-06-07 03:22:59,sds011_4600,10.1,20.7
2020-06-07 03:24:02,sds011_4600,9.2,16.8
2020-06-07 03:25:13,sds011_4600,8.8,16.1
2020-06-07 03:26:27,sds011_4600,9.4,17.9
2020-06-07 03:27:38,sds011_4600,8.8,21.6
2020-06-07 03:28:50,sds011_4600,9.0,15.9
2020-06-07 03:30:01,sds011_4600,9.5,20.4
2020-06-07 03:31:12,sds011_4600,9.7,19.2
2020-06-07 03:32:16,sds011_4600,8.9,14.9
2020-06-07 03:33:29,sds011_4600,8.4,18.8
2020-06-07 03:34:40,sds011_4600,8.8,16.7
2020-06-07 03:35:54,sds011_4600,8.6,16.7
2020-06-07 03:37:05,sds011_4600,8.5,17.8
2020-06-07 03:38:16,sds011_4600,8.4,19.8
2020-06-07 03:39:28,sds011_4600,8.4,15.7
2020-06-07 03:40:39,sds011_4600,8.6,15.4
2020-06-07 03:41:50,sds011_4600,9.0,14.6
2020-06-07 03:43:02,sds011_4600,8.1,15.7
2020-06-07 03:44:13,sds011_4600,8.5,18.3
2020-06-07 03:45:24,sds011_4600,8.3,14.9
2020-06-07 03:46:52,sds011_4600,8.2,15.7
2020-06-07 03:47:55,sds011_4600,8.6,16.4
2020-06-07 03:49:07,sds011_4600,8.3,14.7
2020-06-07 03:50:18,sds011_4600,8.4,16.2
2020-06-07 03:51:29,sds011_4600,7.9,16.3
2020-06-07 03:52:40,sds011_4600,8.3,15.9
2020-06-07 03:53:52,sds011_4600,7.6,14.2
2020-06-07 03:55:03,sds011_4600,8.5,20.7
2020-06-07 03:56:14,sds011_4600,8.9,17.6
2020-06-07 03:57:26,sds011_4600,8.0,18.4
2020-06-07 03:58:37,sds011_4600,7.8,18.4
2020-06-07 03:59:48,sds011_4600,7.1,16.4
2020-06-07 04:01:00,sds011_4600,7.9,15.8
2020-06-07 04:02:11,sds011_4600,8.4,18.4
2020-06-07 04:03:23,sds011_4600,7.9,15.4
2020-06-07 04:04:35,sds011_4600,7.8,14.4
2020-06-07 04:05:46,sds011_4600,7.5,15.9
2020-06-07 04:06:57,sds011_4600,7.8,18.7
2020-06-07 04:08:09,sds011_4600,7.0,16.1
2020-06-07 04:09:20,sds011_4600,7.5,14.6
2020-06-07 04:10:31,sds011_4600,7.1,14.4
2020-06-07 04:11:42,sds011_4600,7.7,15.2
2020-06-07 04:12:54,sds011_4600,7.1,13.7
2020-06-07 04:14:05,sds011_4600,7.1,15.6
2020-06-07 04:15:16,sds011_4600,7.3,15.0
2020-06-07 04:16:27,sds011_4600,7.5,16.3
2020-06-07 04:17:39,sds011_4600,7.4,16.2
2020-06-07 04:18:50,sds011_4600,7.6,18.1
2020-06-07 04:20:01,sds011_4600,7.5,18.0
2020-06-07 04:21:13,sds011_4600,7.2,13.4
2020-06-07 04:22:24,sds011_4600,7.4,16.8
2020-06-07 04:23:35,sds011_4600,7.0,14.5
2020-06-07 04:24:47,sds011_4600,7.2,14.4
2020-06-07 04:25:58,sds011_4600,6.8,15.1
2020-06-07 04:27:09,sds011_4600,7.2,14.8
2020-06-07 04:28:21,sds011_4600,7.3,12.9
2020-06-07 04:29:32,sds011_4600,6.7,13.2
2020-06-07 04:30:43,sds011_4600,7.2,18.2
2020-06-07 04:31:54,sds011_4600,6.9,14.1
2020-06-07 04:33:06,sds011_4600,6.6,12.7
2020-06-07 04:34:17,sds011_4600,6.3,13.0
2020-06-07 04:35:31,sds011_4600,7.1,14.0
2020-06-07 04:36:42,sds011_4600,6.7,16.0
2020-06-07 04:37:53,sds011_4600,7.1,14.3
2020-06-07 04:39:04,sds011_4600,6.8,14.7
2020-06-07 04:40:16,sds011_4600,6.5,16.8
2020-06-07 04:41:27,sds011_4600,6.7,13.3
2020-06-07 04:42:38,sds011_4600,6.8,15.7
2020-06-07 04:43:50,sds011_4600,6.5,15.0
2020-06-07 04:45:02,sds011_4600,6.7,12.8
2020-06-07 04:46:13,sds011_4600,6.8,13.7
2020-06-07 04:47:25,sds011_4600,6.5,14.0
2020-06-07 04:48:36,sds011_4600,6.2,12.3
2020-06-07 04:49:47,sds011_4600,6.5,14.9
2020-06-07 04:50:59,sds011_4600,6.0,15.2
2020-06-07 04:52:10,sds011_4600,6.9,14.2
2020-06-07 04:53:21,sds011_4600,6.4,13.6
2020-06-07 04:54:32,sds011_4600,6.7,13.8
2020-06-07 04:55:44,sds011_4600,6.4,16.1
2020-06-07 04:56:55,sds011_4600,6.4,13.7
2020-06-07 04:58:06,sds011_4600,6.2,12.1
2020-06-07 04:59:18,sds011_4600,6.4,11.0
2020-06-07 05:00:21,sds011_4600,6.4,13.1
2020-06-07 05:01:32,sds011_4600,6.1,15.3
2020-06-07 05:02:44,sds011_4600,6.1,13.7
2020-06-07 05:03:55,sds011_4600,6.5,17.2
2020-06-07 05:05:06,sds011_4600,5.7,14.4
2020-06-07 05:06:17,sds011_4600,6.3,14.8
2020-06-07 05:07:29,sds011_4600,6.7,15.0
2020-06-07 05:08:40,sds011_4600,5.8,12.8
2020-06-07 05:09:51,sds011_4600,6.2,15.4
2020-06-07 05:11:03,sds011_4600,6.2,15.0
2020-06-07 05:12:14,sds011_4600,5.8,12.3
2020-06-07 05:13:25,sds011_4600,6.1,12.5
2020-06-07 05:14:37,sds011_4600,6.1,14.9
2020-06-07 05:15:48,sds011_4600,6.1,13.5
2020-06-07 05:16:59,sds011_4600,6.1,13.5
2020-06-07 05:18:03,sds011_4600,6.1,14.1
2020-06-07 05:19:14,sds011_4600,5.8,12.7
2020-06-07 05:20:25,sds011_4600,5.9,11.3
2020-06-07 05:21:36,sds011_4600,5.7,11.4
2020-06-07 05:22:48,sds011_4600,5.8,13.7
2020-06-07 05:23:59,sds011_4600,5.8,12.3
2020-06-07 05:25:10,sds011_4600,6.2,12.6
2020-06-07 05:26:22,sds011_4600,6.2,14.1
2020-06-07 05:27:33,sds011_4600,6.3,11.9
2020-06-07 05:28:44,sds011_4600,6.7,16.7
2020-06-07 05:29:56,sds011_4600,6.0,14.0
2020-06-07 05:31:07,sds011_4600,5.7,14.1
2020-06-07 05:32:18,sds011_4600,5.8,16.5
2020-06-07 05:33:30,sds011_4600,6.4,21.5
2020-06-07 05:34:41,sds011_4600,5.9,11.2
2020-06-07 05:35:52,sds011_4600,5.7,15.1
2020-06-07 05:37:04,sds011_4600,6.2,13.7
2020-06-07 05:38:15,sds011_4600,5.8,12.2
2020-06-07 05:39:26,sds011_4600,5.4,12.4
2020-06-07 05:40:38,sds011_4600,5.7,11.4
2020-06-07 05:41:49,sds011_4600,5.5,11.9
2020-06-07 05:43:00,sds011_4600,6.2,14.2
2020-06-07 05:44:11,sds011_4600,5.6,13.8
2020-06-07 05:45:23,sds011_4600,5.5,12.3
2020-06-07 05:46:34,sds011_4600,5.7,11.7
2020-06-07 05:47:45,sds011_4600,5.9,13.5
2020-06-07 05:48:57,sds011_4600,6.0,12.4
2020-06-07 05:50:08,sds011_4600,6.0,12.7
2020-06-07 05:51:19,sds011_4600,5.8,10.9
2020-06-07 05:52:31,sds011_4600,6.0,12.3
2020-06-07 05:53:42,sds011_4600,6.2,13.2
2020-06-07 05:54:56,sds011_4600,6.1,16.1
2020-06-07 05:55:59,sds011_4600,6.1,14.0
2020-06-07 05:57:10,sds011_4600,6.0,14.6
2020-06-07 05:58:22,sds011_4600,6.4,18.6
2020-06-07 05:59:33,sds011_4600,5.5,10.9
2020-06-07 06:00:44,sds011_4600,5.9,15.1
2020-06-07 06:01:56,sds011_4600,6.5,16.1
2020-06-07 06:03:07,sds011_4600,5.9,13.9
2020-06-07 06:04:18,sds011_4600,6.1,13.9
2020-06-07 06:05:29,sds011_4600,6.4,15.2
2020-06-07 06:06:41,sds011_4600,6.0,14.8
2020-06-07 06:07:52,sds011_4600,6.5,14.0
2020-06-07 06:09:04,sds011_4600,6.0,16.4
2020-06-07 06:10:15,sds011_4600,7.1,15.4
2020-06-07 06:11:26,sds011_4600,6.7,13.2
2020-06-07 06:12:38,sds011_4600,7.2,19.1
2020-06-07 06:13:49,sds011_4600,7.4,19.9
2020-06-07 06:15:00,sds011_4600,7.5,17.9
2020-06-07 06:16:12,sds011_4600,8.3,22.0
2020-06-07 06:17:23,sds011_4600,7.2,16.6
2020-06-07 06:18:34,sds011_4600,8.0,18.0
2020-06-07 06:19:46,sds011_4600,7.2,16.8
2020-06-07 06:20:57,sds011_4600,8.1,19.5
2020-06-07 06:22:08,sds011_4600,8.0,19.9
2020-06-07 06:23:20,sds011_4600,8.2,19.7
2020-06-07 06:24:31,sds011_4600,7.9,23.1
2020-06-07 06:25:42,sds011_4600,7.9,21.5
2020-06-07 06:26:54,sds011_4600,7.6,18.7
2020-06-07 06:28:05,sds011_4600,7.9,23.5
2020-06-07 06:29:16,sds011_4600,7.5,17.9
2020-06-07 06:30:28,sds011_4600,8.1,17.2
2020-06-07 06:31:31,sds011_4600,7.6,17.9
2020-06-07 06:32:43,sds011_4600,7.5,21.4
2020-06-07 06:33:54,sds011_4600,7.6,18.8
2020-06-07 06:35:05,sds011_4600,7.8,21.0
2020-06-07 06:36:17,sds011_4600,8.1,18.3
2020-06-07 06:37:28,sds011_4600,7.4,18.7
2020-06-07 06:38:31,sds011_4600,7.8,16.7
2020-06-07 06:39:43,sds011_4600,7.9,17.6
2020-06-07 06:40:56,sds011_4600,8.0,19.9
2020-06-07 06:42:07,sds011_4600,7.9,21.8
2020-06-07 06:43:19,sds011_4600,8.4,19.5
2020-06-07 06:44:30,sds011_4600,8.3,19.4
2020-06-07 06:45:33,sds011_4600,8.3,23.7
2020-06-07 06:46:44,sds011_4600,8.0,19.5
2020-06-07 06:47:56,sds011_4600,8.0,18.3
2020-06-07 06:49:07,sds011_4600,7.9,16.3
2020-06-07 06:50:39,sds011_4600,7.8,20.1
2020-06-07 06:51:50,sds011_4600,7.9,21.2
2020-06-07 06:53:02,sds011_4600,7.5,19.7
2020-06-07 06:54:13,sds011_4600,8.0,19.2
2020-06-07 06:55:24,sds011_4600,8.7,20.0
2020-06-07 06:56:36,sds011_4600,8.4,16.1
2020-06-07 06:57:47,sds011_4600,9.1,21.9
2020-06-07 06:58:58,sds011_4600,9.8,20.3
2020-06-07 07:00:12,sds011_4600,9.4,21.7
2020-06-07 07:01:23,sds011_4600,9.7,24.1
2020-06-07 07:02:34,sds011_4600,8.8,21.3
2020-06-07 07:03:46,sds011_4600,9.2,19.7
2020-06-07 07:04:57,sds011_4600,9.7,23.3
2020-06-07 07:06:08,sds011_4600,10.5,27.6
2020-06-07 07:07:19,sds011_4600,10.1,26.0
2020-06-07 07:08:31,sds011_4600,10.6,22.5
2020-06-07 07:09:42,sds011_4600,10.2,22.2
2020-06-07 07:10:54,sds011_4600,10.0,22.1
2020-06-07 07:11:57,sds011_4600,10.9,21.2
2020-06-07 07:13:08,sds011_4600,9.9,19.5
2020-06-07 07:14:20,sds011_4600,9.9,23.4
2020-06-07 07:15:23,sds011_4600,9.9,19.1
2020-06-07 07:16:34,sds011_4600,11.1,24.6
2020-06-07 07:17:45,sds011_4600,10.5,20.7
2020-06-07 07:18:57,sds011_4600,9.5,21.1
2020-06-07 07:20:08,sds011_4600,10.5,24.3
2020-06-07 07:21:20,sds011_4600,10.7,20.4
2020-06-07 07:22:33,sds011_4600,10.5,18.2
2020-06-07 07:23:44,sds011_4600,11.6,29.2
2020-06-07 07:24:48,sds011_4600,10.5,21.8
2020-06-07 07:25:59,sds011_4600,11.7,24.9
2020-06-07 07:27:10,sds011_4600,11.0,22.2
2020-06-07 07:28:24,sds011_4600,12.8,24.5
2020-06-07 07:29:35,sds011_4600,11.7,25.7
2020-06-07 07:30:47,sds011_4600,12.1,27.7
2020-06-07 07:31:58,sds011_4600,13.0,27.8
2020-06-07 07:33:10,sds011_4600,14.9,31.9
2020-06-07 07:34:22,sds011_4600,15.2,32.3
2020-06-07 07:35:25,sds011_4600,14.2,28.9
2020-06-07 07:36:36,sds011_4600,14.0,27.3
2020-06-07 07:37:48,sds011_4600,14.1,28.8
2020-06-07 07:38:59,sds011_4600,14.3,26.7
2020-06-07 07:40:10,sds011_4600,13.3,25.6
2020-06-07 07:41:22,sds011_4600,13.9,25.2
2020-06-07 07:42:33,sds011_4600,13.6,25.2
2020-06-07 07:43:44,sds011_4600,12.8,21.6
2020-06-07 07:44:56,sds011_4600,12.5,22.2
2020-06-07 07:46:09,sds011_4600,13.8,26.2
2020-06-07 07:47:21,sds011_4600,13.4,26.8
2020-06-07 07:48:32,sds011_4600,12.8,23.2
2020-06-07 07:49:43,sds011_4600,12.8,21.5
2020-06-07 07:50:47,sds011_4600,12.0,20.3
2020-06-07 07:51:58,sds011_4600,13.2,25.0
2020-06-07 07:53:10,sds011_4600,12.9,26.4
2020-06-07 07:54:21,sds011_4600,12.8,25.1
2020-06-07 07:55:32,sds011_4600,12.5,27.3
2020-06-07 07:56:46,sds011_4600,12.5,21.1
2020-06-07 07:57:58,sds011_4600,12.1,22.5
2020-06-07 07:59:01,sds011_4600,12.6,25.4
2020-06-07 08:00:13,sds011_4600,12.7,27.6
2020-06-07 08:01:24,sds011_4600,12.0,23.2
2020-06-07 08:02:35,sds011_4600,12.1,27.7
2020-06-07 08:03:47,sds011_4600,12.1,25.4
2020-06-07 08:04:58,sds011_4600,11.5,23.7
2020-06-07 08:06:09,sds011_4600,11.5,24.0
2020-06-07 08:07:20,sds011_4600,10.5,23.5
2020-06-07 08:08:24,sds011_4600,10.8,19.1
2020-06-07 08:09:35,sds011_4600,11.3,23.1
2020-06-07 08:10:47,sds011_4600,11.2,24.1
2020-06-07 08:11:58,sds011_4600,10.8,21.1
2020-06-07 08:13:01,sds011_4600,10.6,20.6
2020-06-07 08:14:13,sds011_4600,10.2,23.1
2020-06-07 08:15:24,sds011_4600,10.7,20.1
2020-06-07 08:16:35,sds011_4600,9.9,20.3
2020-06-07 08:17:47,sds011_4600,9.7,18.3
2020-06-07 08:19:00,sds011_4600,10.1,19.3
2020-06-07 08:20:12,sds011_4600,10.2,20.6
2020-06-07 08:21:23,sds011_4600,9.5,15.2
2020-06-07 08:22:35,sds011_4600,10.1,17.4
2020-06-07 08:23:46,sds011_4600,9.7,19.0
2020-06-07 08:24:58,sds011_4600,10.0,22.3
2020-06-07 08:26:09,sds011_4600,10.0,19.3
2020-06-07 08:27:20,sds011_4600,9.3,19.1
2020-06-07 08:28:23,sds011_4600,9.8,18.6
2020-06-07 08:29:35,sds011_4600,9.8,19.8
2020-06-07 08:30:46,sds011_4600,9.4,19.6
2020-06-07 08:31:58,sds011_4600,9.7,29.0
2020-06-07 08:33:01,sds011_4600,10.1,20.0
2020-06-07 08:34:12,sds011_4600,9.7,19.9
2020-06-07 08:35:24,sds011_4600,9.1,15.8
2020-06-07 08:36:35,sds011_4600,9.5,19.7
2020-06-07 08:37:47,sds011_4600,9.1,19.8
2020-06-07 08:38:58,sds011_4600,9.0,18.9
2020-06-07 08:40:11,sds011_4600,9.3,18.6
2020-06-07 08:41:23,sds011_4600,9.4,19.9
2020-06-07 08:42:35,sds011_4600,9.4,20.6
2020-06-07 08:43:47,sds011_4600,10.2,23.2
2020-06-07 08:44:58,sds011_4600,10.0,26.3
2020-06-07 08:46:09,sds011_4600,10.8,26.9
2020-06-07 08:47:13,sds011_4600,11.0,27.9
2020-06-07 08:48:24,sds011_4600,10.4,20.5
2020-06-07 08:49:35,sds011_4600,10.6,24.5
2020-06-07 08:50:48,sds011_4600,10.6,24.1
2020-06-07 08:51:52,sds011_4600,10.4,24.4
2020-06-07 08:53:03,sds011_4600,10.5,21.5
2020-06-07 08:54:15,sds011_4600,10.2,21.5
2020-06-07 08:55:26,sds011_4600,11.3,29.7
2020-06-07 08:56:37,sds011_4600,10.6,19.4
2020-06-07 08:57:49,sds011_4600,11.1,25.7
2020-06-07 08:59:00,sds011_4600,10.3,22.1
2020-06-07 09:00:11,sds011_4600,10.4,22.5
2020-06-07 09:01:25,sds011_4600,10.0,22.8
2020-06-07 09:02:38,sds011_4600,9.6,20.3
2020-06-07 09:03:50,sds011_4600,10.2,21.1
2020-06-07 09:05:01,sds011_4600,9.9,19.2
2020-06-07 09:06:06,sds011_4600,9.5,21.1
2020-06-07 09:07:18,sds011_4600,9.9,20.9
2020-06-07 09:08:29,sds011_4600,9.7,19.1
2020-06-07 09:09:40,sds011_4600,8.6,20.0
2020-06-07 09:10:52,sds011_4600,10.3,19.8
2020-06-07 09:12:03,sds011_4600,9.3,17.2
2020-06-07 09:13:15,sds011_4600,9.3,19.9
2020-06-07 09:14:26,sds011_4600,9.3,17.8
2020-06-07 09:15:38,sds011_4600,8.5,23.5
2020-06-07 09:16:50,sds011_4600,8.7,20.3
2020-06-07 09:18:02,sds011_4600,8.3,16.8
2020-06-07 09:19:14,sds011_4600,8.7,18.8
2020-06-07 09:20:18,sds011_4600,9.1,19.7
2020-06-07 09:21:29,sds011_4600,8.3,16.1
2020-06-07 09:22:41,sds011_4600,8.3,16.0
2020-06-07 09:23:44,sds011_4600,8.5,18.2
2020-06-07 09:24:55,sds011_4600,8.5,16.5
2020-06-07 09:26:07,sds011_4600,8.7,16.9
2020-06-07 09:27:19,sds011_4600,8.5,19.3
2020-06-07 09:28:31,sds011_4600,8.8,24.1
2020-06-07 09:29:42,sds011_4600,8.2,20.1
2020-06-07 09:30:54,sds011_4600,8.1,18.5
2020-06-07 09:32:06,sds011_4600,8.2,20.7
2020-06-07 09:33:18,sds011_4600,8.7,21.1
2020-06-07 09:34:22,sds011_4600,7.9,20.3
2020-06-07 09:35:33,sds011_4600,9.1,22.2
2020-06-07 09:36:44,sds011_4600,8.3,19.4
2020-06-07 09:37:56,sds011_4600,8.6,19.6
2020-06-07 09:39:08,sds011_4600,7.6,19.2
2020-06-07 09:40:20,sds011_4600,8.1,22.3
2020-06-07 09:41:31,sds011_4600,8.1,18.1
2020-06-07 09:42:42,sds011_4600,7.6,18.6
2020-06-07 09:43:54,sds011_4600,7.8,17.7
2020-06-07 09:45:05,sds011_4600,7.7,18.0
2020-06-07 09:46:17,sds011_4600,7.6,16.8
2020-06-07 09:47:20,sds011_4600,8.1,20.1
2020-06-07 09:48:24,sds011_4600,7.7,18.2
2020-06-07 09:49:28,sds011_4600,8.2,18.8
2020-06-07 09:50:40,sds011_4600,7.2,18.4
2020-06-07 09:51:43,sds011_4600,7.4,15.7
2020-06-07 09:52:54,sds011_4600,8.5,23.3
2020-06-07 09:54:06,sds011_4600,8.1,18.1
2020-06-07 09:55:17,sds011_4600,7.0,19.8
2020-06-07 09:56:29,sds011_4600,7.1,19.7
2020-06-07 09:57:42,sds011_4600,6.7,16.2
2020-06-07 09:58:54,sds011_4600,6.3,18.5
2020-06-07 10:00:05,sds011_4600,6.6,15.8
2020-06-07 10:01:16,sds011_4600,6.3,20.1
2020-06-07 10:02:28,sds011_4600,6.9,16.4
2020-06-07 10:03:39,sds011_4600,5.9,17.8
2020-06-07 10:04:51,sds011_4600,6.0,16.0
2020-06-07 10:06:02,sds011_4600,5.6,13.0
2020-06-07 10:07:14,sds011_4600,6.1,14.3
2020-06-07 10:08:26,sds011_4600,6.2,18.2
2020-06-07 10:09:38,sds011_4600,6.0,13.9
2020-06-07 10:10:49,sds011_4600,5.6,15.0
2020-06-07 10:12:01,sds011_4600,6.0,12.6
2020-06-07 10:13:33,sds011_4600,6.1,14.7
2020-06-07 10:14:44,sds011_4600,5.1,12.0
2020-06-07 10:15:59,sds011_4600,6.5,12.9
2020-06-07 10:17:02,sds011_4600,6.1,12.2
2020-06-07 10:18:14,sds011_4600,6.0,13.7
2020-06-07 10:19:26,sds011_4600,6.4,15.4
2020-06-07 10:20:38,sds011_4600,7.2,17.9
2020-06-07 10:21:49,sds011_4600,5.7,12.8
2020-06-07 10:23:00,sds011_4600,6.1,16.3
2020-06-07 10:24:12,sds011_4600,6.1,10.1
2020-06-07 10:25:23,sds011_4600,5.9,11.6
2020-06-07 10:26:34,sds011_4600,6.1,12.0
2020-06-07 10:27:46,sds011_4600,7.4,17.3
2020-06-07 10:28:57,sds011_4600,7.6,19.0
2020-06-07 10:30:09,sds011_4600,6.8,15.0
2020-06-07 10:31:20,sds011_4600,6.3,14.2
2020-06-07 10:32:32,sds011_4600,6.6,13.6
2020-06-07 10:33:43,sds011_4600,6.8,12.0
2020-06-07 10:34:55,sds011_4600,7.2,13.5
2020-06-07 10:36:06,sds011_4600,6.3,16.0
2020-06-07 10:37:18,sds011_4600,6.4,15.1
2020-06-07 10:38:29,sds011_4600,7.2,18.7
2020-06-07 10:39:43,sds011_4600,6.3,14.2
2020-06-07 10:41:13,sds011_4600,7.3,16.3
2020-06-07 10:42:24,sds011_4600,7.0,17.4
2020-06-07 10:43:36,sds011_4600,6.0,13.6
2020-06-07 10:44:47,sds011_4600,6.4,14.8
2020-06-07 10:45:58,sds011_4600,6.3,17.7
2020-06-07 10:47:10,sds011_4600,7.0,16.7
2020-06-07 10:48:21,sds011_4600,5.8,12.8
2020-06-07 10:49:33,sds011_4600,6.2,14.0
2020-06-07 10:50:45,sds011_4600,6.4,19.8
2020-06-07 10:51:56,sds011_4600,5.5,12.3
2020-06-07 10:53:07,sds011_4600,5.3,13.2
2020-06-07 10:54:19,sds011_4600,5.7,13.8
2020-06-07 10:55:30,sds011_4600,5.1,15.6
2020-06-07 10:56:42,sds011_4600,4.6,12.1
2020-06-07 10:57:53,sds011_4600,4.9,12.4
2020-06-07 10:59:04,sds011_4600,8.2,21.0
2020-06-07 11:00:16,sds011_4600,5.3,11.3
2020-06-07 11:01:27,sds011_4600,5.6,17.3
2020-06-07 11:02:39,sds011_4600,5.2,13.1
2020-06-07 11:03:50,sds011_4600,5.0,14.5
2020-06-07 11:05:02,sds011_4600,5.2,11.0
2020-06-07 11:06:13,sds011_4600,4.8,13.2
2020-06-07 11:07:25,sds011_4600,4.7,10.2
2020-06-07 11:08:36,sds011_4600,5.1,9.2
2020-06-07 11:09:48,sds011_4600,4.9,10.5
2020-06-07 11:10:59,sds011_4600,5.1,15.5
2020-06-07 11:12:11,sds011_4600,4.2,9.9
2020-06-07 11:13:22,sds011_4600,5.1,14.6
2020-06-07 11:14:34,sds011_4600,4.9,14.6
2020-06-07 11:15:45,sds011_4600,4.2,11.8
2020-06-07 11:16:56,sds011_4600,4.1,16.1
2020-06-07 11:18:08,sds011_4600,4.3,12.8
2020-06-07 11:19:19,sds011_4600,4.4,12.6
2020-06-07 11:20:31,sds011_4600,4.1,10.3
2020-06-07 11:21:42,sds011_4600,4.1,12.1
2020-06-07 11:22:54,sds011_4600,4.5,10.3
2020-06-07 11:24:05,sds011_4600,4.3,13.0
2020-06-07 11:25:17,sds011_4600,4.3,13.5
2020-06-07 11:26:28,sds011_4600,4.0,10.6
2020-06-07 11:27:40,sds011_4600,4.1,12.1
2020-06-07 11:28:52,sds011_4600,4.0,9.0
2020-06-07 11:30:03,sds011_4600,3.9,9.4
2020-06-07 11:31:15,sds011_4600,4.0,9.2
2020-06-07 11:32:26,sds011_4600,4.0,8.1
2020-06-07 11:33:38,sds011_4600,4.5,10.5
2020-06-07 11:34:49,sds011_4600,4.0,11.2
2020-06-07 11:36:01,sds011_4600,3.7,8.3
2020-06-07 11:37:13,sds011_4600,3.9,10.1
2020-06-07 11:38:25,sds011_4600,3.9,9.8
2020-06-07 11:39:37,sds011_4600,3.5,8.5
2020-06-07 11:40:48,sds011_4600,3.9,10.7
2020-06-07 11:41:52,sds011_4600,3.5,10.6
2020-06-07 11:43:04,sds011_4600,4.0,10.0
2020-06-07 11:44:15,sds011_4600,3.5,9.8
2020-06-07 11:45:27,sds011_4600,3.7,7.6
2020-06-07 11:46:40,sds011_4600,3.5,10.2
2020-06-07 11:47:51,sds011_4600,4.0,9.5
2020-06-07 11:49:03,sds011_4600,3.7,8.0
2020-06-07 11:50:14,sds011_4600,4.5,10.3
2020-06-07 11:51:26,sds011_4600,4.3,16.4
2020-06-07 11:52:37,sds011_4600,3.6,8.7
2020-06-07 11:53:49,sds011_4600,3.5,9.7
2020-06-07 11:55:00,sds011_4600,4.3,9.2
2020-06-07 11:56:12,sds011_4600,3.3,11.3
2020-06-07 11:57:23,sds011_4600,3.7,8.5
2020-06-07 11:58:35,sds011_4600,3.6,11.7
2020-06-07 11:59:47,sds011_4600,3.1,9.7
2020-06-07 12:00:59,sds011_4600,3.4,9.0
2020-06-07 12:02:10,sds011_4600,3.7,9.4
2020-06-07 12:03:22,sds011_4600,3.4,9.8
2020-06-07 12:04:34,sds011_4600,3.5,8.7
2020-06-07 12:05:45,sds011_4600,3.6,9.9
2020-06-07 12:06:56,sds011_4600,3.4,7.5
2020-06-07 12:08:08,sds011_4600,3.2,7.9
2020-06-07 12:09:19,sds011_4600,3.6,8.6
2020-06-07 12:10:31,sds011_4600,3.4,9.4
2020-06-07 12:12:03,sds011_4600,3.4,8.7
2020-06-07 12:13:14,sds011_4600,3.7,10.6
2020-06-07 12:14:26,sds011_4600,3.8,7.9
2020-06-07 12:15:38,sds011_4600,3.7,8.4
2020-06-07 12:16:50,sds011_4600,3.4,8.6
2020-06-07 12:18:01,sds011_4600,3.7,7.3
2020-06-07 12:19:13,sds011_4600,3.6,8.8
2020-06-07 12:20:25,sds011_4600,3.0,7.9
2020-06-07 12:21:36,sds011_4600,3.7,8.3
2020-06-07 12:22:48,sds011_4600,3.3,6.9
2020-06-07 12:23:59,sds011_4600,3.1,8.5
2020-06-07 12:25:29,sds011_4600,3.2,8.6
2020-06-07 12:26:41,sds011_4600,3.5,8.3
2020-06-07 12:27:52,sds011_4600,3.0,7.5
2020-06-07 12:29:03,sds011_4600,3.1,8.0
2020-06-07 12:30:15,sds011_4600,3.3,7.0
2020-06-07 12:31:26,sds011_4600,3.1,5.6
2020-06-07 12:32:38,sds011_4600,3.2,9.1
2020-06-07 12:33:49,sds011_4600,3.2,7.5
2020-06-07 12:35:01,sds011_4600,3.3,7.2
2020-06-07 12:36:13,sds011_4600,2.8,5.4
2020-06-07 12:37:24,sds011_4600,3.0,6.6
2020-06-07 12:38:35,sds011_4600,3.1,6.0
2020-06-07 12:39:47,sds011_4600,3.4,7.4
2020-06-07 12:40:50,sds011_4600,3.3,8.1
2020-06-07 12:42:02,sds011_4600,3.3,5.8
2020-06-07 12:43:30,sds011_4600,3.0,7.4
2020-06-07 12:44:41,sds011_4600,3.4,5.6
2020-06-07 12:45:53,sds011_4600,3.1,5.2
2020-06-07 12:47:04,sds011_4600,3.6,8.8
2020-06-07 12:48:17,sds011_4600,3.2,8.0
2020-06-07 12:49:47,sds011_4600,3.5,6.0
2020-06-07 12:50:59,sds011_4600,3.4,8.3
2020-06-07 12:52:11,sds011_4600,3.5,6.8
2020-06-07 12:53:15,sds011_4600,3.6,8.4
2020-06-07 12:54:27,sds011_4600,3.4,5.8
2020-06-07 12:55:38,sds011_4600,3.5,6.7
2020-06-07 12:56:50,sds011_4600,3.1,8.7
2020-06-07 12:58:01,sds011_4600,3.0,6.7
2020-06-07 12:59:13,sds011_4600,3.4,7.4
2020-06-07 13:00:25,sds011_4600,3.3,7.3
2020-06-07 13:01:36,sds011_4600,3.2,7.5
2020-06-07 13:02:47,sds011_4600,3.5,6.3
2020-06-07 13:03:59,sds011_4600,3.6,5.9
2020-06-07 13:05:10,sds011_4600,3.1,4.5
2020-06-07 13:06:22,sds011_4600,3.5,6.9
2020-06-07 13:07:33,sds011_4600,3.3,7.9
2020-06-07 13:08:45,sds011_4600,2.9,9.8
2020-06-07 13:09:56,sds011_4600,3.2,12.6
2020-06-07 13:11:08,sds011_4600,3.5,6.7
2020-06-07 13:12:19,sds011_4600,3.5,8.4
2020-06-07 13:13:30,sds011_4600,3.2,6.0
2020-06-07 13:14:42,sds011_4600,3.2,7.2
2020-06-07 13:15:53,sds011_4600,3.5,7.6
2020-06-07 13:17:05,sds011_4600,3.5,6.2
2020-06-07 13:18:17,sds011_4600,3.3,6.8
2020-06-07 13:19:28,sds011_4600,3.6,5.9
2020-06-07 13:20:40,sds011_4600,4.2,9.5
2020-06-07 13:21:51,sds011_4600,3.9,5.5
2020-06-07 13:23:03,sds011_4600,3.8,7.6
2020-06-07 13:24:14,sds011_4600,4.1,9.2
2020-06-07 13:25:26,sds011_4600,4.2,8.6
2020-06-07 13:26:37,sds011_4600,3.8,8.0
2020-06-07 13:27:49,sds011_4600,3.5,9.9
2020-06-07 13:29:00,sds011_4600,3.4,6.1
2020-06-07 13:30:12,sds011_4600,2.8,5.3
2020-06-07 13:31:23,sds011_4600,3.7,6.8
2020-06-07 13:32:35,sds011_4600,2.5,7.3
2020-06-07 13:33:46,sds011_4600,3.1,6.8
2020-06-07 13:34:58,sds011_4600,3.5,8.9
2020-06-07 13:36:09,sds011_4600,2.9,10.0
2020-06-07 13:37:21,sds011_4600,2.9,9.0
2020-06-07 13:38:32,sds011_4600,2.6,7.3
2020-06-07 13:39:43,sds011_4600,3.0,8.1
2020-06-07 13:40:55,sds011_4600,2.6,8.3
2020-06-07 13:42:06,sds011_4600,2.3,8.6
2020-06-07 13:43:17,sds011_4600,2.6,4.9
2020-06-07 13:44:49,sds011_4600,2.7,6.5
2020-06-07 13:46:01,sds011_4600,2.1,4.4
2020-06-07 13:47:12,sds011_4600,2.2,4.0
2020-06-07 13:48:24,sds011_4600,2.4,8.1
2020-06-07 13:49:35,sds011_4600,2.5,5.1
2020-06-07 13:50:47,sds011_4600,2.4,6.6
2020-06-07 13:51:59,sds011_4600,1.9,6.8
2020-06-07 13:53:10,sds011_4600,2.1,6.7
2020-06-07 13:54:22,sds011_4600,2.6,5.5
2020-06-07 13:55:33,sds011_4600,2.1,6.3
2020-06-07 13:56:44,sds011_4600,2.5,4.6
2020-06-07 13:57:56,sds011_4600,2.0,7.3
2020-06-07 13:59:07,sds011_4600,2.0,7.9
2020-06-07 14:00:18,sds011_4600,1.8,6.5
2020-06-07 14:01:30,sds011_4600,1.8,6.7
2020-06-07 14:02:41,sds011_4600,1.7,7.7
2020-06-07 14:03:53,sds011_4600,1.8,4.3
2020-06-07 14:05:04,sds011_4600,2.0,6.3
2020-06-07 14:06:16,sds011_4600,2.2,4.5
2020-06-07 14:07:28,sds011_4600,2.2,7.9
2020-06-07 14:08:39,sds011_4600,2.3,6.3
2020-06-07 14:09:51,sds011_4600,2.0,4.2
2020-06-07 14:11:02,sds011_4600,2.1,8.8
2020-06-07 14:12:15,sds011_4600,2.1,5.3
2020-06-07 14:13:26,sds011_4600,2.0,7.6
2020-06-07 14:14:39,sds011_4600,1.7,5.9
2020-06-07 14:15:51,sds011_4600,1.8,4.9
2020-06-07 14:17:02,sds011_4600,1.6,4.0
2020-06-07 14:18:14,sds011_4600,2.0,3.9
2020-06-07 14:19:26,sds011_4600,2.1,4.4
2020-06-07 14:20:38,sds011_4600,2.3,5.3
2020-06-07 14:21:50,sds011_4600,1.8,5.2
2020-06-07 14:23:02,sds011_4600,1.9,4.4
2020-06-07 14:24:13,sds011_4600,1.7,6.7
2020-06-07 14:25:25,sds011_4600,2.1,4.7
2020-06-07 14:26:38,sds011_4600,1.7,5.2
2020-06-07 14:27:50,sds011_4600,2.0,5.2
2020-06-07 14:29:01,sds011_4600,1.6,4.1
2020-06-07 14:30:12,sds011_4600,2.0,5.8
2020-06-07 14:31:24,sds011_4600,1.9,5.0
2020-06-07 14:32:35,sds011_4600,1.5,6.5
2020-06-07 14:33:47,sds011_4600,1.6,3.3
2020-06-07 14:34:58,sds011_4600,1.9,4.2
2020-06-07 14:36:10,sds011_4600,1.9,5.8
2020-06-07 14:37:21,sds011_4600,2.0,4.3
2020-06-07 14:38:32,sds011_4600,2.0,3.9
2020-06-07 14:39:45,sds011_4600,1.9,5.4
2020-06-07 14:40:57,sds011_4600,1.9,3.9
2020-06-07 14:42:00,sds011_4600,1.9,4.2
2020-06-07 14:43:11,sds011_4600,2.0,5.3
2020-06-07 14:44:22,sds011_4600,2.0,5.8
2020-06-07 14:45:34,sds011_4600,2.3,4.0
2020-06-07 14:46:45,sds011_4600,1.9,6.3
2020-06-07 14:47:57,sds011_4600,1.8,3.5
2020-06-07 14:49:08,sds011_4600,2.2,7.1
2020-06-07 14:50:19,sds011_4600,1.9,3.4
2020-06-07 14:51:31,sds011_4600,1.8,4.5
2020-06-07 14:52:42,sds011_4600,1.7,7.9
2020-06-07 14:53:53,sds011_4600,1.4,3.7
2020-06-07 14:55:05,sds011_4600,1.5,4.4
2020-06-07 14:56:16,sds011_4600,1.7,4.7
2020-06-07 14:57:27,sds011_4600,1.8,3.0
2020-06-07 14:58:39,sds011_4600,1.6,4.7
2020-06-07 14:59:50,sds011_4600,1.8,4.6
2020-06-07 15:01:01,sds011_4600,1.8,5.0
2020-06-07 15:02:13,sds011_4600,2.1,6.9
2020-06-07 15:03:24,sds011_4600,1.8,4.7
2020-06-07 15:04:28,sds011_4600,1.3,3.9
2020-06-07 15:05:39,sds011_4600,1.6,4.8
2020-06-07 15:06:51,sds011_4600,1.9,4.8
2020-06-07 15:08:02,sds011_4600,2.0,4.0
2020-06-07 15:09:14,sds011_4600,1.8,3.0
2020-06-07 15:10:25,sds011_4600,1.7,3.6
2020-06-07 15:11:36,sds011_4600,1.7,7.0
2020-06-07 15:12:48,sds011_4600,1.5,9.5
2020-06-07 15:14:00,sds011_4600,1.5,6.6
2020-06-07 15:15:11,sds011_4600,1.6,4.3
2020-06-07 15:16:23,sds011_4600,1.9,3.3
2020-06-07 15:17:34,sds011_4600,1.7,3.0
2020-06-07 15:18:45,sds011_4600,1.8,4.0
2020-06-07 15:19:57,sds011_4600,2.0,4.3
2020-06-07 15:21:08,sds011_4600,2.0,4.7
2020-06-07 15:22:19,sds011_4600,2.4,4.8
2020-06-07 15:23:31,sds011_4600,2.0,5.7
2020-06-07 15:24:42,sds011_4600,1.8,8.6
2020-06-07 15:25:53,sds011_4600,1.9,5.5
2020-06-07 15:27:05,sds011_4600,1.8,3.8
2020-06-07 15:28:16,sds011_4600,2.1,3.6
2020-06-07 15:29:28,sds011_4600,1.8,3.6
2020-06-07 15:30:39,sds011_4600,2.0,5.3
2020-06-07 15:31:50,sds011_4600,2.1,4.0
2020-06-07 15:33:02,sds011_4600,1.9,3.3
2020-06-07 15:34:13,sds011_4600,2.0,5.0
2020-06-07 15:35:24,sds011_4600,2.0,5.8
2020-06-07 15:36:36,sds011_4600,1.9,6.0
2020-06-07 15:37:47,sds011_4600,2.2,5.9
2020-06-07 15:38:58,sds011_4600,2.1,4.2
2020-06-07 15:40:09,sds011_4600,2.4,5.1
2020-06-07 15:41:21,sds011_4600,2.3,9.4
2020-06-07 15:42:32,sds011_4600,2.1,6.0
2020-06-07 15:43:44,sds011_4600,2.3,7.4
2020-06-07 15:44:56,sds011_4600,2.1,5.3
2020-06-07 15:46:09,sds011_4600,2.0,5.4
2020-06-07 15:47:20,sds011_4600,2.2,8.2
2020-06-07 15:48:32,sds011_4600,2.3,4.5
2020-06-07 15:49:43,sds011_4600,2.3,7.1
2020-06-07 15:50:54,sds011_4600,2.1,5.7
2020-06-07 15:52:06,sds011_4600,2.5,7.2
2020-06-07 15:53:17,sds011_4600,2.5,5.6
2020-06-07 15:54:29,sds011_4600,2.4,4.1
2020-06-07 15:55:40,sds011_4600,2.7,5.3
2020-06-07 15:56:51,sds011_4600,2.4,4.4
2020-06-07 15:58:03,sds011_4600,2.7,4.7
2020-06-07 15:59:06,sds011_4600,2.7,7.7
2020-06-07 16:00:17,sds011_4600,2.6,6.1
2020-06-07 16:01:29,sds011_4600,2.8,5.8
2020-06-07 16:02:40,sds011_4600,2.6,5.8
2020-06-07 16:03:51,sds011_4600,2.6,5.4
2020-06-07 16:05:03,sds011_4600,2.8,5.4
2020-06-07 16:06:14,sds011_4600,2.9,5.2
2020-06-07 16:07:18,sds011_4600,2.6,5.2
2020-06-07 16:08:30,sds011_4600,2.7,5.9
2020-06-07 16:09:41,sds011_4600,2.9,6.2
2020-06-07 16:10:53,sds011_4600,2.7,5.1
2020-06-07 16:12:04,sds011_4600,2.4,4.7
2020-06-07 16:13:15,sds011_4600,3.0,5.5
2020-06-07 16:14:27,sds011_4600,2.6,6.9
2020-06-07 16:15:40,sds011_4600,2.8,5.3
2020-06-07 16:16:51,sds011_4600,2.8,7.5
2020-06-07 16:18:03,sds011_4600,3.1,9.2
2020-06-07 16:19:14,sds011_4600,2.9,10.7
2020-06-07 16:20:26,sds011_4600,3.1,10.4
2020-06-07 16:21:37,sds011_4600,2.8,7.5
2020-06-07 16:22:48,sds011_4600,2.5,9.0
2020-06-07 16:24:00,sds011_4600,2.9,6.1
2020-06-07 16:25:11,sds011_4600,2.7,6.0
2020-06-07 16:26:23,sds011_4600,3.3,7.0
2020-06-07 16:27:34,sds011_4600,3.0,5.3
2020-06-07 16:28:45,sds011_4600,3.1,9.6
2020-06-07 16:29:57,sds011_4600,3.3,9.2
2020-06-07 16:31:08,sds011_4600,2.8,6.3
2020-06-07 16:32:19,sds011_4600,3.3,10.0
2020-06-07 16:33:31,sds011_4600,3.0,8.5
2020-06-07 16:34:42,sds011_4600,3.2,10.6
2020-06-07 16:35:53,sds011_4600,3.3,13.6
2020-06-07 16:37:05,sds011_4600,3.2,9.8
2020-06-07 16:38:16,sds011_4600,3.0,7.9
2020-06-07 16:39:27,sds011_4600,3.4,8.6
2020-06-07 16:40:39,sds011_4600,3.0,6.7
2020-06-07 16:41:50,sds011_4600,3.4,9.3
2020-06-07 16:43:02,sds011_4600,3.4,10.9
2020-06-07 16:44:13,sds011_4600,3.1,6.4
2020-06-07 16:45:24,sds011_4600,3.0,10.2
2020-06-07 16:46:36,sds011_4600,3.3,8.0
2020-06-07 16:47:48,sds011_4600,3.0,5.9
2020-06-07 16:49:01,sds011_4600,3.3,9.6
2020-06-07 16:50:13,sds011_4600,3.4,14.9
2020-06-07 16:51:24,sds011_4600,3.1,7.0
2020-06-07 16:52:35,sds011_4600,3.1,6.6
2020-06-07 16:53:47,sds011_4600,3.6,7.3
2020-06-07 16:54:50,sds011_4600,3.6,9.1
2020-06-07 16:56:01,sds011_4600,3.4,8.0
2020-06-07 16:57:13,sds011_4600,3.6,8.6
2020-06-07 16:58:25,sds011_4600,3.6,15.1
2020-06-07 16:59:36,sds011_4600,3.5,12.1
2020-06-07 17:00:48,sds011_4600,3.3,10.4
2020-06-07 17:02:00,sds011_4600,3.8,9.0
2020-06-07 17:03:11,sds011_4600,3.9,10.0
2020-06-07 17:04:23,sds011_4600,3.8,7.7
2020-06-07 17:05:35,sds011_4600,4.1,9.0
2020-06-07 17:06:46,sds011_4600,3.8,12.9
2020-06-07 17:07:58,sds011_4600,3.4,9.8
2020-06-07 17:09:09,sds011_4600,3.5,9.0
2020-06-07 17:10:21,sds011_4600,2.7,7.4
2020-06-07 17:11:32,sds011_4600,3.3,15.0
2020-06-07 17:12:43,sds011_4600,3.2,8.6
2020-06-07 17:13:55,sds011_4600,3.5,9.7
2020-06-07 17:15:06,sds011_4600,3.3,7.3
2020-06-07 17:16:17,sds011_4600,3.5,9.7
2020-06-07 17:17:28,sds011_4600,3.5,10.6
2020-06-07 17:18:40,sds011_4600,3.4,10.9
2020-06-07 17:19:43,sds011_4600,3.3,9.7
2020-06-07 17:20:54,sds011_4600,3.1,10.2
2020-06-07 17:21:58,sds011_4600,2.7,8.7
2020-06-07 17:23:09,sds011_4600,2.9,8.4
2020-06-07 17:24:21,sds011_4600,2.6,6.3
2020-06-07 17:25:32,sds011_4600,2.3,4.9
2020-06-07 17:26:44,sds011_4600,2.8,10.3
2020-06-07 17:27:57,sds011_4600,2.8,7.0
2020-06-07 17:29:09,sds011_4600,2.9,6.2
2020-06-07 17:30:20,sds011_4600,2.8,7.6
2020-06-07 17:31:48,sds011_4600,2.8,8.3
2020-06-07 17:32:59,sds011_4600,2.8,5.5
2020-06-07 17:34:10,sds011_4600,2.8,7.1
2020-06-07 17:35:22,sds011_4600,2.8,7.9
2020-06-07 17:36:33,sds011_4600,2.7,8.7
2020-06-07 17:37:44,sds011_4600,3.5,8.8
2020-06-07 17:38:56,sds011_4600,3.5,10.6
2020-06-07 17:40:09,sds011_4600,3.0,8.8
2020-06-07 17:41:21,sds011_4600,3.2,9.3
2020-06-07 17:42:32,sds011_4600,3.1,7.2
2020-06-07 17:43:44,sds011_4600,3.2,8.2
2020-06-07 17:44:49,sds011_4600,3.3,6.0
2020-06-07 17:46:01,sds011_4600,3.1,9.3
2020-06-07 17:47:12,sds011_4600,3.5,8.6
2020-06-07 17:48:23,sds011_4600,3.4,7.6
2020-06-07 17:49:35,sds011_4600,3.4,9.2
2020-06-07 17:50:47,sds011_4600,3.6,14.4
2020-06-07 17:51:50,sds011_4600,3.0,6.4
2020-06-07 17:53:02,sds011_4600,3.3,7.1
2020-06-07 17:54:15,sds011_4600,3.3,8.1
2020-06-07 17:55:26,sds011_4600,3.1,7.1
2020-06-07 17:56:30,sds011_4600,3.3,9.8
2020-06-07 17:57:41,sds011_4600,3.3,10.1
2020-06-07 17:58:55,sds011_4600,3.7,8.6
2020-06-07 18:00:06,sds011_4600,3.2,7.8
2020-06-07 18:01:18,sds011_4600,3.6,9.4
2020-06-07 18:02:29,sds011_4600,3.8,10.4
2020-06-07 18:03:40,sds011_4600,4.4,11.0
2020-06-07 18:04:52,sds011_4600,3.7,8.2
2020-06-07 18:06:03,sds011_4600,3.9,8.4
2020-06-07 18:07:16,sds011_4600,4.1,7.4
2020-06-07 18:08:28,sds011_4600,4.3,10.5
2020-06-07 18:09:39,sds011_4600,4.4,9.3
2020-06-07 18:10:51,sds011_4600,4.3,8.5
2020-06-07 18:12:02,sds011_4600,3.6,6.7
2020-06-07 18:13:05,sds011_4600,4.2,9.3
2020-06-07 18:14:17,sds011_4600,4.5,10.6
2020-06-07 18:15:28,sds011_4600,5.5,13.1
2020-06-07 18:16:40,sds011_4600,4.0,8.4
2020-06-07 18:17:51,sds011_4600,5.6,15.5
2020-06-07 18:19:03,sds011_4600,4.6,9.3
2020-06-07 18:20:14,sds011_4600,5.5,13.1
2020-06-07 18:21:26,sds011_4600,6.3,20.5
2020-06-07 18:22:38,sds011_4600,6.5,15.8
2020-06-07 18:23:49,sds011_4600,5.5,14.2
2020-06-07 18:25:01,sds011_4600,7.2,20.9
2020-06-07 18:26:12,sds011_4600,6.8,12.9
2020-06-07 18:27:23,sds011_4600,6.8,16.2
2020-06-07 18:28:35,sds011_4600,10.0,17.3
2020-06-07 18:29:38,sds011_4600,9.0,15.3
2020-06-07 18:30:49,sds011_4600,14.7,26.8
2020-06-07 18:32:01,sds011_4600,16.9,31.8
2020-06-07 18:33:12,sds011_4600,9.1,17.8
2020-06-07 18:34:24,sds011_4600,10.7,20.7
2020-06-07 18:35:35,sds011_4600,13.1,21.7
2020-06-07 18:36:46,sds011_4600,14.3,29.9
2020-06-07 18:37:58,sds011_4600,9.0,16.2
2020-06-07 18:39:10,sds011_4600,8.9,16.4
2020-06-07 18:40:21,sds011_4600,9.4,15.8
2020-06-07 18:41:33,sds011_4600,12.2,22.3
2020-06-07 18:42:44,sds011_4600,9.8,17.1
2020-06-07 18:43:56,sds011_4600,10.4,16.3
2020-06-07 18:45:07,sds011_4600,15.6,31.8
2020-06-07 18:46:19,sds011_4600,10.7,20.1
2020-06-07 18:47:30,sds011_4600,11.5,18.2
2020-06-07 18:48:41,sds011_4600,12.8,19.8
2020-06-07 18:49:53,sds011_4600,11.4,18.2
2020-06-07 18:51:04,sds011_4600,15.7,25.9
2020-06-07 18:52:15,sds011_4600,12.8,20.6
2020-06-07 18:53:27,sds011_4600,13.3,20.9
2020-06-07 18:54:38,sds011_4600,13.3,22.1
2020-06-07 18:55:49,sds011_4600,16.0,29.0
2020-06-07 18:57:01,sds011_4600,14.8,24.5
2020-06-07 18:58:12,sds011_4600,19.6,35.0
2020-06-07 18:59:23,sds011_4600,23.9,40.3
2020-06-07 19:00:35,sds011_4600,18.4,30.8
2020-06-07 19:01:46,sds011_4600,13.8,20.4
2020-06-07 19:02:57,sds011_4600,20.6,36.8
2020-06-07 19:04:09,sds011_4600,16.3,23.9
2020-06-07 19:05:20,sds011_4600,16.5,24.4
2020-06-07 19:06:32,sds011_4600,15.9,24.0
2020-06-07 19:07:44,sds011_4600,15.9,25.4
2020-06-07 19:08:47,sds011_4600,21.7,37.1
2020-06-07 19:09:59,sds011_4600,22.0,33.8
2020-06-07 19:11:11,sds011_4600,18.1,27.2
2020-06-07 19:12:22,sds011_4600,16.9,24.2
2020-06-07 19:13:33,sds011_4600,18.3,29.2
2020-06-07 19:14:45,sds011_4600,20.0,31.1
2020-06-07 19:15:56,sds011_4600,27.2,38.0
2020-06-07 19:17:08,sds011_4600,26.8,41.9
2020-06-07 19:18:19,sds011_4600,27.9,40.6
2020-06-07 19:19:31,sds011_4600,30.5,49.2
2020-06-07 19:20:42,sds011_4600,27.8,44.4
2020-06-07 19:21:54,sds011_4600,33.8,48.3
2020-06-07 19:22:57,sds011_4600,34.7,49.4
2020-06-07 19:24:09,sds011_4600,32.0,47.0
2020-06-07 19:25:20,sds011_4600,31.8,44.6
2020-06-07 19:26:31,sds011_4600,27.1,35.9
2020-06-07 19:27:43,sds011_4600,33.3,48.9
2020-06-07 19:28:54,sds011_4600,35.1,47.6
2020-06-07 19:30:05,sds011_4600,34.0,46.8
2020-06-07 19:31:17,sds011_4600,28.1,38.1
2020-06-07 19:32:28,sds011_4600,35.1,48.6
2020-06-07 19:33:39,sds011_4600,34.6,49.1
2020-06-07 19:34:51,sds011_4600,36.8,47.8
2020-06-07 19:36:02,sds011_4600,36.7,46.8
2020-06-07 19:37:13,sds011_4600,41.8,60.4
2020-06-07 19:38:25,sds011_4600,44.2,66.3
2020-06-07 19:39:36,sds011_4600,43.2,59.9
2020-06-07 19:40:54,sds011_4600,41.9,59.2
2020-06-07 19:42:05,sds011_4600,39.6,51.9
2020-06-07 19:43:16,sds011_4600,41.3,61.0
2020-06-07 19:44:28,sds011_4600,42.7,55.5
2020-06-07 19:45:39,sds011_4600,39.9,52.7
2020-06-07 19:46:50,sds011_4600,42.8,58.0
2020-06-07 19:48:02,sds011_4600,43.1,59.6
2020-06-07 19:49:13,sds011_4600,46.0,60.6
2020-06-07 19:50:24,sds011_4600,45.9,60.1
2020-06-07 19:51:36,sds011_4600,46.9,61.3
2020-06-07 19:52:48,sds011_4600,46.2,62.7
2020-06-07 19:53:59,sds011_4600,47.8,60.3
2020-06-07 19:55:10,sds011_4600,46.8,66.1
2020-06-07 19:56:22,sds011_4600,47.5,61.0
2020-06-07 19:57:34,sds011_4600,49.3,62.2
2020-06-07 19:58:46,sds011_4600,50.4,69.8
2020-06-07 19:59:57,sds011_4600,50.6,66.7
2020-06-07 20:01:08,sds011_4600,52.1,70.3
2020-06-07 20:02:22,sds011_4600,51.8,66.8
2020-06-07 20:03:33,sds011_4600,50.0,65.8
2020-06-07 20:04:44,sds011_4600,50.8,68.5
2020-06-07 20:05:58,sds011_4600,51.4,66.3
2020-06-07 20:07:09,sds011_4600,50.6,69.0
2020-06-07 20:08:22,sds011_4600,51.9,74.2
2020-06-07 20:09:33,sds011_4600,53.1,68.9
2020-06-07 20:10:44,sds011_4600,53.2,71.1
2020-06-07 20:11:56,sds011_4600,52.4,72.6
2020-06-07 20:13:09,sds011_4600,54.0,73.5
2020-06-07 20:14:20,sds011_4600,49.9,61.3
2020-06-07 20:15:32,sds011_4600,51.2,66.4
2020-06-07 20:16:43,sds011_4600,50.6,65.9
2020-06-07 20:17:54,sds011_4600,53.6,67.1
2020-06-07 20:19:06,sds011_4600,54.9,74.0
2020-06-07 20:20:17,sds011_4600,52.5,70.1
2020-06-07 20:21:30,sds011_4600,54.1,74.5
2020-06-07 20:22:44,sds011_4600,55.5,71.1
2020-06-07 20:23:55,sds011_4600,54.2,73.0
2020-06-07 20:25:06,sds011_4600,52.7,69.2
2020-06-07 20:26:18,sds011_4600,54.2,72.0
2020-06-07 20:27:29,sds011_4600,52.9,69.4
2020-06-07 20:28:41,sds011_4600,55.8,73.4
2020-06-07 20:29:52,sds011_4600,57.0,75.7
2020-06-07 20:31:05,sds011_4600,55.5,75.3
2020-06-07 20:32:16,sds011_4600,52.0,69.6
2020-06-07 20:33:28,sds011_4600,46.8,58.1
2020-06-07 20:34:40,sds011_4600,46.1,55.9
2020-06-07 20:35:51,sds011_4600,53.4,68.6
2020-06-07 20:36:57,sds011_4600,51.5,63.0
2020-06-07 20:38:01,sds011_4600,50.0,61.0
2020-06-07 20:39:14,sds011_4600,52.4,68.3
2020-06-07 20:40:26,sds011_4600,54.0,71.3
2020-06-07 20:41:37,sds011_4600,55.3,70.8
2020-06-07 20:42:49,sds011_4600,61.1,79.6
2020-06-07 20:44:01,sds011_4600,57.1,78.4
2020-06-07 20:45:12,sds011_4600,52.6,68.6
2020-06-07 20:46:24,sds011_4600,50.0,60.0
2020-06-07 20:47:36,sds011_4600,51.5,65.0
2020-06-07 20:48:48,sds011_4600,55.1,68.5
2020-06-07 20:49:59,sds011_4600,54.8,72.5
2020-06-07 20:51:11,sds011_4600,59.6,74.9
2020-06-07 20:52:22,sds011_4600,63.7,81.3
2020-06-07 20:53:34,sds011_4600,61.3,78.3
2020-06-07 20:54:45,sds011_4600,62.2,81.3
2020-06-07 20:55:57,sds011_4600,61.9,80.3
2020-06-07 20:57:08,sds011_4600,64.7,78.4
2020-06-07 20:58:20,sds011_4600,64.5,81.7
2020-06-07 20:59:31,sds011_4600,61.3,78.2
2020-06-07 21:00:43,sds011_4600,62.3,82.4
2020-06-07 21:01:54,sds011_4600,54.8,68.8
2020-06-07 21:03:06,sds011_4600,59.8,75.7
2020-06-07 21:04:09,sds011_4600,60.7,76.3
2020-06-07 21:05:21,sds011_4600,61.2,78.4
2020-06-07 21:06:24,sds011_4600,59.6,74.7
2020-06-07 21:07:36,sds011_4600,57.4,70.4
2020-06-07 21:08:47,sds011_4600,58.3,72.1
2020-06-07 21:09:59,sds011_4600,55.0,67.9
2020-06-07 21:11:10,sds011_4600,50.6,61.9
2020-06-07 21:12:21,sds011_4600,56.1,69.9
2020-06-07 21:13:33,sds011_4600,60.6,75.6
2020-06-07 21:14:45,sds011_4600,66.5,85.4
2020-06-07 21:15:56,sds011_4600,69.0,86.6
2020-06-07 21:17:09,sds011_4600,69.4,89.4
2020-06-07 21:18:21,sds011_4600,69.2,92.4
2020-06-07 21:19:33,sds011_4600,67.4,85.8
2020-06-07 21:20:44,sds011_4600,67.2,82.9
2020-06-07 21:21:56,sds011_4600,69.9,95.2
2020-06-07 21:23:07,sds011_4600,66.7,84.7
2020-06-07 21:24:18,sds011_4600,69.6,90.6
2020-06-07 21:25:30,sds011_4600,66.9,90.5
2020-06-07 21:26:41,sds011_4600,69.9,95.7
2020-06-07 21:27:53,sds011_4600,68.4,100.1
2020-06-07 21:29:05,sds011_4600,68.9,97.9
2020-06-07 21:30:11,sds011_4600,68.9,89.4
2020-06-07 21:31:22,sds011_4600,72.0,97.6
2020-06-07 21:32:34,sds011_4600,72.1,91.1
2020-06-07 21:33:45,sds011_4600,73.3,94.7
2020-06-07 21:35:17,sds011_4600,71.6,90.4
2020-06-07 21:36:47,sds011_4600,72.3,95.4
2020-06-07 21:37:59,sds011_4600,68.4,89.4
2020-06-07 21:39:10,sds011_4600,69.7,92.7
2020-06-07 21:40:22,sds011_4600,72.6,99.6
2020-06-07 21:41:33,sds011_4600,72.9,93.7
2020-06-07 21:42:45,sds011_4600,73.8,97.7
2020-06-07 21:43:56,sds011_4600,75.0,102.2
2020-06-07 21:45:08,sds011_4600,72.3,98.1
2020-06-07 21:46:19,sds011_4600,76.7,103.3
2020-06-07 21:47:32,sds011_4600,73.1,94.7
2020-06-07 21:48:43,sds011_4600,72.9,95.8
2020-06-07 21:49:55,sds011_4600,74.1,96.7
2020-06-07 21:51:06,sds011_4600,73.7,97.5
2020-06-07 21:52:12,sds011_4600,74.0,97.1
2020-06-07 21:53:23,sds011_4600,73.3,93.2
2020-06-07 21:54:35,sds011_4600,70.6,89.6
2020-06-07 21:55:38,sds011_4600,71.1,92.1
2020-06-07 21:56:52,sds011_4600,69.9,88.8
2020-06-07 21:58:03,sds011_4600,70.9,94.3
2020-06-07 21:59:14,sds011_4600,69.5,88.1
2020-06-07 22:00:26,sds011_4600,70.1,95.7
2020-06-07 22:01:37,sds011_4600,67.7,88.1
2020-06-07 22:02:49,sds011_4600,71.0,96.3
2020-06-07 22:04:00,sds011_4600,69.4,89.1
2020-06-07 22:05:11,sds011_4600,70.0,91.5
2020-06-07 22:06:25,sds011_4600,73.4,96.9
2020-06-07 22:07:37,sds011_4600,70.8,96.9
2020-06-07 22:08:48,sds011_4600,70.0,100.9
2020-06-07 22:09:52,sds011_4600,70.1,94.6
2020-06-07 22:11:20,sds011_4600,69.7,95.6
2020-06-07 22:12:32,sds011_4600,68.5,88.3
2020-06-07 22:13:43,sds011_4600,70.0,92.3
2020-06-07 22:14:55,sds011_4600,68.3,90.9
2020-06-07 22:16:06,sds011_4600,70.2,93.5
2020-06-07 22:17:18,sds011_4600,68.0,92.0
2020-06-07 22:18:29,sds011_4600,68.7,90.2
2020-06-07 22:19:40,sds011_4600,69.1,91.8
2020-06-07 22:20:52,sds011_4600,67.0,88.8
2020-06-07 22:22:03,sds011_4600,68.0,89.0
2020-06-07 22:23:14,sds011_4600,68.3,91.3
2020-06-07 22:24:26,sds011_4600,67.2,86.2
2020-06-07 22:25:29,sds011_4600,66.4,87.4
2020-06-07 22:26:40,sds011_4600,66.2,87.8
2020-06-07 22:27:44,sds011_4600,65.5,84.5
2020-06-07 22:28:55,sds011_4600,66.5,87.8
2020-06-07 22:30:07,sds011_4600,66.5,91.6
2020-06-07 22:31:18,sds011_4600,66.3,90.4
2020-06-07 22:32:29,sds011_4600,65.8,85.9
2020-06-07 22:33:41,sds011_4600,66.6,88.1
2020-06-07 22:34:52,sds011_4600,65.2,89.9
2020-06-07 22:36:03,sds011_4600,67.2,90.4
2020-06-07 22:37:15,sds011_4600,64.9,84.0
2020-06-07 22:38:26,sds011_4600,65.0,86.3
2020-06-07 22:39:38,sds011_4600,66.0,87.3
2020-06-07 22:40:49,sds011_4600,65.8,91.7
2020-06-07 22:42:00,sds011_4600,66.6,89.0
2020-06-07 22:43:12,sds011_4600,66.2,89.8
2020-06-07 22:44:23,sds011_4600,64.1,85.4
2020-06-07 22:45:35,sds011_4600,65.5,92.0
2020-06-07 22:46:38,sds011_4600,64.6,85.3
2020-06-07 22:47:49,sds011_4600,65.0,86.3
2020-06-07 22:49:01,sds011_4600,65.8,88.8
2020-06-07 22:50:12,sds011_4600,66.2,89.8
2020-06-07 22:51:23,sds011_4600,66.7,89.3
2020-06-07 22:52:55,sds011_4600,65.4,84.9
2020-06-07 22:54:07,sds011_4600,65.9,87.3
2020-06-07 22:55:11,sds011_4600,66.9,90.9
2020-06-07 22:56:22,sds011_4600,65.5,88.1
2020-06-07 22:57:33,sds011_4600,64.6,89.2
2020-06-07 22:58:45,sds011_4600,64.3,88.6
2020-06-07 22:59:56,sds011_4600,67.1,92.8
2020-06-07 23:01:07,sds011_4600,65.8,87.4
2020-06-07 23:02:19,sds011_4600,66.4,95.7
2020-06-07 23:03:30,sds011_4600,66.0,85.3
2020-06-07 23:04:41,sds011_4600,67.3,90.4
2020-06-07 23:05:53,sds011_4600,68.7,93.4
2020-06-07 23:07:04,sds011_4600,70.0,96.0
2020-06-07 23:08:07,sds011_4600,69.0,91.1
2020-06-07 23:09:18,sds011_4600,66.6,85.7
2020-06-07 23:10:30,sds011_4600,68.0,86.0
2020-06-07 23:11:41,sds011_4600,66.4,87.5
2020-06-07 23:12:53,sds011_4600,67.7,87.8
2020-06-07 23:14:04,sds011_4600,72.0,96.2
2020-06-07 23:15:15,sds011_4600,69.6,97.7
2020-06-07 23:16:27,sds011_4600,71.1,93.0
2020-06-07 23:17:39,sds011_4600,71.5,92.6
2020-06-07 23:18:50,sds011_4600,69.7,89.2
2020-06-07 23:20:02,sds011_4600,71.9,94.5
2020-06-07 23:21:14,sds011_4600,70.5,91.1
2020-06-07 23:22:26,sds011_4600,69.1,91.4
2020-06-07 23:23:38,sds011_4600,73.1,98.8
2020-06-07 23:24:49,sds011_4600,74.2,101.5
2020-06-07 23:26:01,sds011_4600,71.6,95.2
2020-06-07 23:27:12,sds011_4600,74.9,100.4
2020-06-07 23:28:26,sds011_4600,73.4,101.9
2020-06-07 23:29:37,sds011_4600,74.2,98.2
2020-06-07 23:30:48,sds011_4600,73.2,99.7
2020-06-07 23:32:00,sds011_4600,72.7,97.4
2020-06-07 23:33:11,sds011_4600,71.7,98.9
2020-06-07 23:34:22,sds011_4600,72.1,93.9
2020-06-07 23:35:34,sds011_4600,70.2,93.6
2020-06-07 23:36:45,sds011_4600,70.2,95.8
2020-06-07 23:37:57,sds011_4600,68.5,88.7
2020-06-07 23:39:08,sds011_4600,67.3,87.1
2020-06-07 23:40:19,sds011_4600,66.5,92.6
2020-06-07 23:41:31,sds011_4600,64.6,87.1
2020-06-07 23:42:42,sds011_4600,64.9,86.8
2020-06-07 23:43:53,sds011_4600,63.4,85.3
2020-06-07 23:45:05,sds011_4600,63.1,83.5
2020-06-07 23:46:16,sds011_4600,62.9,84.6
2020-06-07 23:47:28,sds011_4600,61.2,79.9
2020-06-07 23:48:39,sds011_4600,62.1,82.2
2020-06-07 23:49:51,sds011_4600,60.4,84.3
2020-06-07 23:51:02,sds011_4600,59.2,83.9
2020-06-07 23:52:15,sds011_4600,59.1,85.4
2020-06-07 23:53:27,sds011_4600,57.3,78.3
2020-06-07 23:54:38,sds011_4600,56.5,78.8
2020-06-07 23:55:49,sds011_4600,54.1,70.1
2020-06-07 23:57:01,sds011_4600,55.0,78.6
2020-06-07 23:58:12,sds011_4600,53.0,72.3
2020-06-07 23:59:23,sds011_4600,51.2,75.9
2020-06-08 00:00:34,sds011_4600,51.0,68.6
2020-06-08 00:01:46,sds011_4600,50.2,74.7
2020-06-08 00:02:57,sds011_4600,48.1,64.7
2020-06-08 00:04:09,sds011_4600,44.8,63.0
2020-06-08 00:05:20,sds011_4600,43.9,58.9
2020-06-08 00:06:31,sds011_4600,42.7,57.0
2020-06-08 00:07:43,sds011_4600,43.4,64.6
2020-06-08 00:08:54,sds011_4600,41.3,58.6
2020-06-08 00:10:05,sds011_4600,38.7,53.7
2020-06-08 00:11:17,sds011_4600,39.3,56.6
2020-06-08 00:12:28,sds011_4600,38.3,57.8
2020-06-08 00:13:41,sds011_4600,38.1,55.6
2020-06-08 00:14:53,sds011_4600,35.8,50.1
2020-06-08 00:16:04,sds011_4600,36.1,51.4
2020-06-08 00:17:16,sds011_4600,33.8,52.4
2020-06-08 00:18:29,sds011_4600,33.9,49.9
2020-06-08 00:19:41,sds011_4600,32.9,49.4
2020-06-08 00:20:52,sds011_4600,32.9,53.3
2020-06-08 00:22:04,sds011_4600,30.9,42.5
2020-06-08 00:23:15,sds011_4600,32.0,48.9
2020-06-08 00:24:26,sds011_4600,31.2,48.6
2020-06-08 00:25:38,sds011_4600,31.0,47.6
2020-06-08 00:26:49,sds011_4600,30.6,49.2
2020-06-08 00:28:00,sds011_4600,27.1,38.5
2020-06-08 00:29:12,sds011_4600,28.0,45.5
2020-06-08 00:30:23,sds011_4600,27.4,41.2
2020-06-08 00:31:34,sds011_4600,27.1,41.1
2020-06-08 00:32:46,sds011_4600,27.4,39.1
2020-06-08 00:33:57,sds011_4600,27.7,42.5
2020-06-08 00:35:09,sds011_4600,26.2,38.6
2020-06-08 00:36:20,sds011_4600,27.0,40.0
2020-06-08 00:37:32,sds011_4600,26.6,43.3
2020-06-08 00:38:43,sds011_4600,26.5,42.4
2020-06-08 00:39:54,sds011_4600,26.8,40.0
2020-06-08 00:41:06,sds011_4600,27.7,42.1
2020-06-08 00:42:17,sds011_4600,27.9,45.0
2020-06-08 00:43:28,sds011_4600,27.2,39.9
2020-06-08 00:44:40,sds011_4600,26.3,38.7
2020-06-08 00:45:53,sds011_4600,26.8,42.3
2020-06-08 00:47:04,sds011_4600,26.4,40.7
2020-06-08 00:48:16,sds011_4600,25.8,40.4
2020-06-08 00:49:27,sds011_4600,25.8,36.8
2020-06-08 00:50:38,sds011_4600,24.1,37.3
2020-06-08 00:51:49,sds011_4600,24.4,41.4
2020-06-08 00:53:01,sds011_4600,24.7,39.7
2020-06-08 00:54:12,sds011_4600,23.1,35.6
2020-06-08 00:55:23,sds011_4600,23.3,38.4
2020-06-08 00:56:35,sds011_4600,23.6,35.7
2020-06-08 00:57:48,sds011_4600,21.5,34.0
2020-06-08 00:58:59,sds011_4600,21.5,33.5
2020-06-08 01:00:11,sds011_4600,21.3,33.5
2020-06-08 01:01:22,sds011_4600,20.8,33.5
2020-06-08 01:02:33,sds011_4600,19.9,32.0
2020-06-08 01:03:45,sds011_4600,18.7,28.5
2020-06-08 01:04:56,sds011_4600,18.4,30.7
2020-06-08 01:06:07,sds011_4600,18.7,34.8
2020-06-08 01:07:18,sds011_4600,17.5,28.1
2020-06-08 01:08:30,sds011_4600,17.2,27.4
2020-06-08 01:09:41,sds011_4600,16.6,24.3
2020-06-08 01:10:54,sds011_4600,16.3,26.4
2020-06-08 01:12:06,sds011_4600,15.8,27.4
2020-06-08 01:13:17,sds011_4600,14.7,27.8
2020-06-08 01:14:28,sds011_4600,13.9,24.4
2020-06-08 01:15:40,sds011_4600,14.5,26.4
2020-06-08 01:16:51,sds011_4600,14.6,26.0
2020-06-08 01:18:02,sds011_4600,13.8,21.7
2020-06-08 01:19:14,sds011_4600,13.6,26.4
2020-06-08 01:20:25,sds011_4600,13.0,21.3
2020-06-08 01:21:36,sds011_4600,12.0,22.6
2020-06-08 01:22:47,sds011_4600,11.7,19.3
2020-06-08 01:23:59,sds011_4600,11.7,20.4
2020-06-08 01:25:10,sds011_4600,11.2,21.1
2020-06-08 01:26:24,sds011_4600,11.5,20.8
2020-06-08 01:27:36,sds011_4600,11.0,19.7
2020-06-08 01:28:49,sds011_4600,10.6,18.7
2020-06-08 01:30:00,sds011_4600,11.3,17.4
2020-06-08 01:31:12,sds011_4600,10.9,16.2
2020-06-08 01:32:23,sds011_4600,10.5,20.1
2020-06-08 01:33:34,sds011_4600,10.0,18.8
2020-06-08 01:34:46,sds011_4600,10.5,20.4
2020-06-08 01:35:59,sds011_4600,10.5,19.6
2020-06-08 01:37:12,sds011_4600,10.4,19.5
2020-06-08 01:38:26,sds011_4600,10.6,22.8
2020-06-08 01:39:37,sds011_4600,9.8,15.4
2020-06-08 01:40:48,sds011_4600,9.7,16.5
2020-06-08 01:42:00,sds011_4600,9.9,18.2
2020-06-08 01:43:11,sds011_4600,9.4,17.9
2020-06-08 01:44:22,sds011_4600,9.7,21.1
2020-06-08 01:45:33,sds011_4600,9.7,15.1
2020-06-08 01:46:39,sds011_4600,9.7,19.6
2020-06-08 01:47:50,sds011_4600,9.0,16.0
2020-06-08 01:49:02,sds011_4600,9.1,15.9
2020-06-08 01:50:13,sds011_4600,9.7,16.2
2020-06-08 01:51:24,sds011_4600,9.3,16.6
2020-06-08 01:52:28,sds011_4600,8.9,15.6
2020-06-08 01:53:39,sds011_4600,8.6,17.5
2020-06-08 01:54:50,sds011_4600,9.1,16.8
2020-06-08 01:56:02,sds011_4600,8.9,16.7
2020-06-08 01:57:14,sds011_4600,8.6,17.4
2020-06-08 01:58:25,sds011_4600,8.0,15.9
2020-06-08 01:59:39,sds011_4600,8.4,19.6
2020-06-08 02:00:50,sds011_4600,7.9,16.3
2020-06-08 02:02:01,sds011_4600,8.0,14.5
2020-06-08 02:03:13,sds011_4600,8.0,13.7
2020-06-08 02:04:26,sds011_4600,7.3,15.0
2020-06-08 02:05:37,sds011_4600,8.0,13.8
2020-06-08 02:06:41,sds011_4600,6.9,14.1
2020-06-08 02:07:52,sds011_4600,7.2,11.4
2020-06-08 02:09:03,sds011_4600,6.8,13.6
2020-06-08 02:10:15,sds011_4600,6.6,13.0
2020-06-08 02:11:18,sds011_4600,7.0,13.3
2020-06-08 02:12:29,sds011_4600,6.9,15.9
2020-06-08 02:13:40,sds011_4600,6.7,14.6
2020-06-08 02:14:52,sds011_4600,6.5,11.9
2020-06-08 02:16:03,sds011_4600,6.4,13.3
2020-06-08 02:17:14,sds011_4600,6.2,11.6
2020-06-08 02:18:26,sds011_4600,6.4,15.9
2020-06-08 02:19:37,sds011_4600,6.3,13.8
2020-06-08 02:20:50,sds011_4600,6.5,11.8
2020-06-08 02:22:02,sds011_4600,6.5,12.7
2020-06-08 02:23:13,sds011_4600,5.8,13.6
2020-06-08 02:24:24,sds011_4600,5.6,13.6
2020-06-08 02:25:36,sds011_4600,6.5,13.2
2020-06-08 02:26:47,sds011_4600,6.2,15.7
2020-06-08 02:27:58,sds011_4600,5.8,11.8
2020-06-08 02:29:09,sds011_4600,5.9,11.4
2020-06-08 02:30:21,sds011_4600,5.6,13.7
2020-06-08 02:31:32,sds011_4600,5.5,10.9
2020-06-08 02:32:43,sds011_4600,6.0,9.8
2020-06-08 02:33:55,sds011_4600,5.8,14.2
2020-06-08 02:35:06,sds011_4600,5.3,10.5
2020-06-08 02:36:17,sds011_4600,5.4,9.9
2020-06-08 02:37:29,sds011_4600,5.7,11.2
2020-06-08 02:38:40,sds011_4600,5.8,10.8
2020-06-08 02:39:53,sds011_4600,5.5,13.7
2020-06-08 02:41:05,sds011_4600,5.8,9.8
2020-06-08 02:42:16,sds011_4600,5.4,11.5
2020-06-08 02:43:27,sds011_4600,5.3,12.6
2020-06-08 02:44:39,sds011_4600,5.3,11.3
2020-06-08 02:45:50,sds011_4600,5.2,11.7
2020-06-08 02:47:01,sds011_4600,5.3,9.3
2020-06-08 02:48:13,sds011_4600,5.8,13.1
2020-06-08 02:49:24,sds011_4600,5.6,12.1
2020-06-08 02:50:37,sds011_4600,5.3,11.2
2020-06-08 02:51:48,sds011_4600,5.4,12.7
2020-06-08 02:52:52,sds011_4600,5.0,10.6
2020-06-08 02:54:03,sds011_4600,5.1,11.2
2020-06-08 02:55:09,sds011_4600,5.0,10.7
2020-06-08 02:56:12,sds011_4600,5.0,9.5
2020-06-08 02:57:23,sds011_4600,5.2,12.5
2020-06-08 02:58:34,sds011_4600,5.1,7.9
2020-06-08 02:59:46,sds011_4600,5.3,11.7
2020-06-08 03:00:57,sds011_4600,5.8,10.6
2020-06-08 03:02:08,sds011_4600,5.1,9.7
2020-06-08 03:03:20,sds011_4600,5.0,11.7
2020-06-08 03:04:31,sds011_4600,4.9,10.8
2020-06-08 03:05:42,sds011_4600,5.3,11.2
2020-06-08 03:06:54,sds011_4600,4.7,9.4
2020-06-08 03:08:05,sds011_4600,5.0,12.4
2020-06-08 03:09:16,sds011_4600,4.6,9.0
2020-06-08 03:10:19,sds011_4600,4.7,10.2
2020-06-08 03:11:31,sds011_4600,4.5,9.8
2020-06-08 03:12:42,sds011_4600,4.7,9.9
2020-06-08 03:13:54,sds011_4600,4.5,9.5
2020-06-08 03:15:05,sds011_4600,4.6,10.3
2020-06-08 03:16:16,sds011_4600,4.2,7.8
2020-06-08 03:17:28,sds011_4600,4.6,11.1
2020-06-08 03:18:39,sds011_4600,4.1,8.9
2020-06-08 03:19:51,sds011_4600,4.5,10.2
2020-06-08 03:21:03,sds011_4600,4.7,8.9
2020-06-08 03:22:14,sds011_4600,4.5,10.2
2020-06-08 03:23:25,sds011_4600,4.6,10.3
2020-06-08 03:24:37,sds011_4600,4.2,11.3
2020-06-08 03:25:48,sds011_4600,4.3,10.6
2020-06-08 03:26:59,sds011_4600,4.0,10.3
2020-06-08 03:28:11,sds011_4600,4.5,11.0
2020-06-08 03:29:22,sds011_4600,4.3,11.7
2020-06-08 03:30:35,sds011_4600,4.4,8.4
2020-06-08 03:31:47,sds011_4600,4.6,9.4
2020-06-08 03:32:58,sds011_4600,4.3,9.4
2020-06-08 03:34:09,sds011_4600,4.3,9.1
2020-06-08 03:35:20,sds011_4600,4.3,9.5
2020-06-08 03:36:34,sds011_4600,4.5,9.0
2020-06-08 03:37:45,sds011_4600,4.2,12.5
2020-06-08 03:38:56,sds011_4600,4.3,7.4
2020-06-08 03:40:08,sds011_4600,4.4,9.6
2020-06-08 03:41:19,sds011_4600,4.0,7.1
2020-06-08 03:42:30,sds011_4600,4.2,7.4
2020-06-08 03:43:41,sds011_4600,4.3,8.4
2020-06-08 03:44:53,sds011_4600,4.0,8.3
2020-06-08 03:46:04,sds011_4600,4.6,10.3
2020-06-08 03:47:15,sds011_4600,4.6,10.6
2020-06-08 03:48:27,sds011_4600,4.3,8.1
2020-06-08 03:49:38,sds011_4600,4.0,8.6
2020-06-08 03:50:49,sds011_4600,4.4,8.4
2020-06-08 03:52:01,sds011_4600,4.2,8.3
2020-06-08 03:53:12,sds011_4600,3.8,7.2
2020-06-08 03:54:23,sds011_4600,4.1,10.8
2020-06-08 03:55:35,sds011_4600,4.5,11.1
2020-06-08 03:56:46,sds011_4600,4.4,9.6
2020-06-08 03:57:57,sds011_4600,4.8,11.7
2020-06-08 03:59:09,sds011_4600,4.3,10.1
2020-06-08 04:00:20,sds011_4600,4.8,10.2
2020-06-08 04:01:31,sds011_4600,4.8,9.5
2020-06-08 04:02:43,sds011_4600,4.6,9.4
2020-06-08 04:03:54,sds011_4600,4.8,8.9
2020-06-08 04:05:05,sds011_4600,4.7,9.8
2020-06-08 04:06:17,sds011_4600,4.2,8.8
2020-06-08 04:07:28,sds011_4600,4.8,10.4
2020-06-08 04:08:31,sds011_4600,4.6,10.3
2020-06-08 04:09:43,sds011_4600,4.8,10.2
2020-06-08 04:10:54,sds011_4600,4.8,12.6
2020-06-08 04:12:05,sds011_4600,5.2,10.3
2020-06-08 04:13:17,sds011_4600,4.8,11.9
2020-06-08 04:14:28,sds011_4600,5.0,8.4
2020-06-08 04:15:39,sds011_4600,5.0,11.3
2020-06-08 04:16:51,sds011_4600,4.5,9.2
2020-06-08 04:18:02,sds011_4600,4.4,10.1
2020-06-08 04:19:13,sds011_4600,5.2,11.3
2020-06-08 04:20:24,sds011_4600,4.9,11.0
2020-06-08 04:21:36,sds011_4600,4.5,13.6
2020-06-08 04:22:47,sds011_4600,4.7,9.6
2020-06-08 04:24:00,sds011_4600,4.7,9.0
2020-06-08 04:25:11,sds011_4600,4.9,11.9
2020-06-08 04:26:22,sds011_4600,4.7,9.9
2020-06-08 04:27:33,sds011_4600,4.4,7.8
2020-06-08 04:28:45,sds011_4600,4.8,11.6
2020-06-08 04:29:56,sds011_4600,4.5,9.2
2020-06-08 04:31:07,sds011_4600,4.3,11.2
2020-06-08 04:32:19,sds011_4600,4.6,9.7
2020-06-08 04:33:30,sds011_4600,4.4,9.2
2020-06-08 04:34:41,sds011_4600,4.3,8.6
2020-06-08 04:35:53,sds011_4600,4.7,7.9
2020-06-08 04:37:04,sds011_4600,4.5,9.6
2020-06-08 04:38:15,sds011_4600,4.7,8.7
2020-06-08 04:39:27,sds011_4600,4.6,8.1
2020-06-08 04:40:39,sds011_4600,4.5,7.8
2020-06-08 04:41:50,sds011_4600,4.8,8.5
2020-06-08 04:43:01,sds011_4600,4.4,9.4
2020-06-08 04:44:13,sds011_4600,4.4,8.8
2020-06-08 04:45:24,sds011_4600,5.4,11.0
2020-06-08 04:46:35,sds011_4600,4.5,7.8
2020-06-08 04:47:46,sds011_4600,4.8,9.1
2020-06-08 04:48:58,sds011_4600,4.7,8.9
2020-06-08 04:50:09,sds011_4600,4.4,7.3
2020-06-08 04:51:21,sds011_4600,4.2,8.2
2020-06-08 04:52:32,sds011_4600,4.8,12.5
2020-06-08 04:53:43,sds011_4600,4.3,9.3
2020-06-08 04:54:55,sds011_4600,4.5,8.3
2020-06-08 04:56:06,sds011_4600,4.3,9.8
2020-06-08 04:57:17,sds011_4600,4.4,8.8
2020-06-08 04:58:28,sds011_4600,4.4,8.8
2020-06-08 04:59:40,sds011_4600,4.4,11.2
2020-06-08 05:00:51,sds011_4600,4.4,9.1
2020-06-08 05:02:02,sds011_4600,4.0,7.1
2020-06-08 05:03:14,sds011_4600,4.5,7.5
2020-06-08 05:04:25,sds011_4600,4.2,10.8
2020-06-08 05:05:36,sds011_4600,4.4,8.7
2020-06-08 05:06:48,sds011_4600,4.4,9.0
2020-06-08 05:07:59,sds011_4600,4.6,9.9
2020-06-08 05:09:10,sds011_4600,4.6,10.2
2020-06-08 05:10:22,sds011_4600,4.4,8.5
2020-06-08 05:11:33,sds011_4600,4.3,10.2
2020-06-08 05:12:44,sds011_4600,3.9,9.0
2020-06-08 05:13:55,sds011_4600,4.4,10.0
2020-06-08 05:15:07,sds011_4600,4.3,9.9
2020-06-08 05:16:18,sds011_4600,4.2,10.9
2020-06-08 05:17:29,sds011_4600,4.1,8.9
2020-06-08 05:18:41,sds011_4600,4.4,8.2
2020-06-08 05:19:52,sds011_4600,4.2,7.7
2020-06-08 05:21:03,sds011_4600,4.1,9.0
2020-06-08 05:22:15,sds011_4600,4.1,8.5
2020-06-08 05:23:26,sds011_4600,4.3,8.7
2020-06-08 05:24:37,sds011_4600,4.9,11.3
2020-06-08 05:25:48,sds011_4600,5.4,8.7
2020-06-08 05:27:00,sds011_4600,5.2,10.7
2020-06-08 05:28:11,sds011_4600,5.2,10.2
2020-06-08 05:29:22,sds011_4600,5.0,11.2
2020-06-08 05:30:34,sds011_4600,5.0,13.3
2020-06-08 05:31:45,sds011_4600,9.1,12.3
2020-06-08 05:32:56,sds011_4600,9.8,15.0
2020-06-08 05:34:08,sds011_4600,6.2,11.0
2020-06-08 05:35:19,sds011_4600,5.6,10.7
2020-06-08 05:36:30,sds011_4600,4.6,7.6
2020-06-08 05:37:42,sds011_4600,5.3,12.5
2020-06-08 05:38:53,sds011_4600,5.6,9.3
2020-06-08 05:40:04,sds011_4600,5.0,11.0
2020-06-08 05:41:15,sds011_4600,5.0,8.8
2020-06-08 05:42:27,sds011_4600,5.0,8.0
2020-06-08 05:43:38,sds011_4600,5.0,8.1
2020-06-08 05:44:49,sds011_4600,4.7,8.7
2020-06-08 05:46:01,sds011_4600,5.0,10.1
2020-06-08 05:47:12,sds011_4600,4.5,8.4
2020-06-08 05:48:23,sds011_4600,4.5,10.9
2020-06-08 05:49:35,sds011_4600,4.7,7.8
2020-06-08 05:50:46,sds011_4600,4.7,11.7
2020-06-08 05:51:57,sds011_4600,4.4,8.4
2020-06-08 05:53:09,sds011_4600,4.3,7.3
2020-06-08 05:54:20,sds011_4600,4.6,7.5
2020-06-08 05:55:31,sds011_4600,4.2,11.5
2020-06-08 05:56:43,sds011_4600,4.3,10.5
2020-06-08 05:57:54,sds011_4600,4.1,10.1
2020-06-08 05:58:57,sds011_4600,4.3,7.4
2020-06-08 06:00:08,sds011_4600,4.5,9.8
2020-06-08 06:01:20,sds011_4600,4.6,10.3
2020-06-08 06:02:31,sds011_4600,4.5,12.5
2020-06-08 06:03:42,sds011_4600,4.2,8.4
2020-06-08 06:04:54,sds011_4600,4.1,9.0
2020-06-08 06:06:05,sds011_4600,4.3,11.9
2020-06-08 06:07:08,sds011_4600,4.5,9.3
2020-06-08 06:08:20,sds011_4600,4.5,11.1
2020-06-08 06:09:31,sds011_4600,4.7,10.2
2020-06-08 06:10:42,sds011_4600,4.9,12.0
2020-06-08 06:11:54,sds011_4600,4.5,9.6
2020-06-08 06:13:05,sds011_4600,4.3,7.1
2020-06-08 06:14:16,sds011_4600,4.7,10.2
2020-06-08 06:15:28,sds011_4600,4.7,11.7
2020-06-08 06:16:39,sds011_4600,5.1,13.2
2020-06-08 06:17:50,sds011_4600,4.3,8.8
2020-06-08 06:19:02,sds011_4600,4.8,11.0
2020-06-08 06:20:13,sds011_4600,4.8,9.1
2020-06-08 06:21:24,sds011_4600,4.7,10.7
2020-06-08 06:22:36,sds011_4600,4.8,13.8
2020-06-08 06:23:47,sds011_4600,5.5,15.2
2020-06-08 06:24:58,sds011_4600,4.8,10.2
2020-06-08 06:26:10,sds011_4600,4.7,7.4
2020-06-08 06:27:21,sds011_4600,5.6,14.9
2020-06-08 06:28:32,sds011_4600,5.1,11.9
2020-06-08 06:29:43,sds011_4600,5.1,10.1
2020-06-08 06:30:55,sds011_4600,5.5,15.4
2020-06-08 06:32:06,sds011_4600,5.4,10.4
2020-06-08 06:33:17,sds011_4600,5.4,10.7
2020-06-08 06:34:29,sds011_4600,5.9,13.5
2020-06-08 06:35:40,sds011_4600,5.4,11.2
2020-06-08 06:36:51,sds011_4600,5.5,12.6
2020-06-08 06:38:03,sds011_4600,5.5,15.8
2020-06-08 06:39:14,sds011_4600,5.9,13.2
2020-06-08 06:40:25,sds011_4600,6.1,13.4
2020-06-08 06:41:39,sds011_4600,6.2,16.6
2020-06-08 06:42:50,sds011_4600,5.9,12.4
2020-06-08 06:44:02,sds011_4600,6.2,9.5
2020-06-08 06:45:13,sds011_4600,5.4,11.0
2020-06-08 06:46:24,sds011_4600,5.9,11.5
2020-06-08 06:47:35,sds011_4600,5.5,10.0
2020-06-08 06:48:47,sds011_4600,6.4,16.1
2020-06-08 06:49:58,sds011_4600,6.5,12.7
2020-06-08 06:51:09,sds011_4600,7.5,17.6
2020-06-08 06:52:21,sds011_4600,6.3,11.3
2020-06-08 06:53:32,sds011_4600,6.4,15.0
2020-06-08 06:54:45,sds011_4600,7.1,13.6
2020-06-08 06:55:57,sds011_4600,7.2,14.3
2020-06-08 06:57:08,sds011_4600,7.2,16.5
2020-06-08 06:58:19,sds011_4600,7.2,16.4
2020-06-08 06:59:23,sds011_4600,8.4,19.8
2020-06-08 07:00:34,sds011_4600,7.6,18.8
2020-06-08 07:01:45,sds011_4600,7.9,20.6
2020-06-08 07:03:09,sds011_4600,7.7,20.3
2020-06-08 07:04:12,sds011_4600,7.8,19.4
2020-06-08 07:05:24,sds011_4600,7.4,15.9
2020-06-08 07:06:35,sds011_4600,7.2,15.7
2020-06-08 07:07:46,sds011_4600,6.8,13.7
2020-06-08 07:08:58,sds011_4600,7.2,16.3
2020-06-08 07:10:09,sds011_4600,7.0,11.8
2020-06-08 07:11:20,sds011_4600,6.9,13.0
2020-06-08 07:12:32,sds011_4600,8.2,15.8
2020-06-08 07:13:43,sds011_4600,8.0,18.2
2020-06-08 07:14:54,sds011_4600,7.3,13.9
2020-06-08 07:16:06,sds011_4600,8.2,17.3
2020-06-08 07:17:17,sds011_4600,6.7,12.7
2020-06-08 07:18:28,sds011_4600,7.6,17.8
2020-06-08 07:19:40,sds011_4600,7.5,13.8
2020-06-08 07:20:53,sds011_4600,7.3,12.0
2020-06-08 07:22:04,sds011_4600,8.2,18.3
2020-06-08 07:23:16,sds011_4600,8.1,19.3
2020-06-08 07:24:27,sds011_4600,7.9,16.5
2020-06-08 07:25:38,sds011_4600,8.0,16.8
2020-06-08 07:26:50,sds011_4600,8.0,17.5
2020-06-08 07:28:01,sds011_4600,7.4,14.2
2020-06-08 07:29:13,sds011_4600,7.8,15.7
2020-06-08 07:30:24,sds011_4600,7.4,19.0
2020-06-08 07:31:35,sds011_4600,7.5,14.7
2020-06-08 07:32:46,sds011_4600,7.3,15.2
2020-06-08 07:33:58,sds011_4600,7.4,17.4
2020-06-08 07:35:09,sds011_4600,7.4,14.8
2020-06-08 07:36:12,sds011_4600,6.7,15.2
2020-06-08 07:37:24,sds011_4600,6.6,14.7
2020-06-08 07:38:35,sds011_4600,6.5,18.1
2020-06-08 07:39:47,sds011_4600,6.5,15.8
2020-06-08 07:41:00,sds011_4600,6.5,14.3
2020-06-08 07:42:11,sds011_4600,6.0,12.4
2020-06-08 07:43:23,sds011_4600,6.3,19.0
2020-06-08 07:44:34,sds011_4600,6.1,12.9
2020-06-08 07:45:45,sds011_4600,5.9,14.6
2020-06-08 07:46:57,sds011_4600,5.8,12.2
2020-06-08 07:48:08,sds011_4600,5.8,10.7
2020-06-08 07:49:19,sds011_4600,5.9,16.4
2020-06-08 07:50:31,sds011_4600,5.6,10.2
2020-06-08 07:51:42,sds011_4600,6.0,11.9
2020-06-08 07:52:46,sds011_4600,6.0,17.4
2020-06-08 07:53:57,sds011_4600,5.7,13.3
2020-06-08 07:55:08,sds011_4600,5.7,10.8
2020-06-08 07:56:20,sds011_4600,5.6,13.9
2020-06-08 07:57:31,sds011_4600,5.4,10.3
2020-06-08 07:58:42,sds011_4600,6.0,16.1
2020-06-08 07:59:54,sds011_4600,5.3,13.4
2020-06-08 08:01:05,sds011_4600,5.6,13.0
2020-06-08 08:02:16,sds011_4600,5.3,14.0
2020-06-08 08:03:28,sds011_4600,5.2,15.6
2020-06-08 08:04:39,sds011_4600,5.6,14.3
2020-06-08 08:05:50,sds011_4600,5.2,11.5
2020-06-08 08:07:02,sds011_4600,5.0,9.5
2020-06-08 08:08:13,sds011_4600,5.4,15.0
2020-06-08 08:09:25,sds011_4600,5.0,12.0
2020-06-08 08:10:37,sds011_4600,4.8,8.6
2020-06-08 08:11:48,sds011_4600,5.0,14.3
2020-06-08 08:12:59,sds011_4600,4.5,8.5
2020-06-08 08:14:03,sds011_4600,4.7,9.9
2020-06-08 08:15:14,sds011_4600,4.6,9.6
2020-06-08 08:16:26,sds011_4600,4.5,8.9
2020-06-08 08:17:37,sds011_4600,5.0,9.9
2020-06-08 08:18:48,sds011_4600,5.0,14.5
2020-06-08 08:20:00,sds011_4600,4.8,13.4
2020-06-08 08:21:11,sds011_4600,4.9,10.9
2020-06-08 08:22:22,sds011_4600,5.0,13.1
2020-06-08 08:23:34,sds011_4600,4.6,12.4
2020-06-08 08:24:45,sds011_4600,4.7,12.2
2020-06-08 08:25:57,sds011_4600,5.7,14.9
2020-06-08 08:27:08,sds011_4600,5.1,16.9
2020-06-08 08:28:19,sds011_4600,4.5,13.0
2020-06-08 08:29:31,sds011_4600,5.1,9.8
2020-06-08 08:30:42,sds011_4600,4.5,9.5
2020-06-08 08:31:54,sds011_4600,4.3,14.7
2020-06-08 08:33:05,sds011_4600,4.6,9.9
2020-06-08 08:34:16,sds011_4600,4.5,11.0
2020-06-08 08:35:28,sds011_4600,4.3,11.0
2020-06-08 08:36:39,sds011_4600,4.5,10.7
2020-06-08 08:37:50,sds011_4600,4.3,12.0
2020-06-08 08:39:02,sds011_4600,7.4,63.3
2020-06-08 08:40:13,sds011_4600,6.1,37.9
2020-06-08 08:41:25,sds011_4600,5.9,37.9
2020-06-08 08:42:36,sds011_4600,5.4,31.0
2020-06-08 08:43:47,sds011_4600,5.1,23.2
2020-06-08 08:44:59,sds011_4600,4.6,16.1
2020-06-08 08:46:10,sds011_4600,4.8,18.0
2020-06-08 08:47:22,sds011_4600,4.8,16.9
2020-06-08 08:48:33,sds011_4600,4.5,15.9
2020-06-08 08:49:44,sds011_4600,4.2,11.1
2020-06-08 08:50:56,sds011_4600,3.9,12.7
2020-06-08 08:52:07,sds011_4600,4.3,15.0
2020-06-08 08:53:19,sds011_4600,4.7,15.4
2020-06-08 08:54:30,sds011_4600,4.4,11.2
2020-06-08 08:55:42,sds011_4600,4.0,8.7
2020-06-08 08:56:53,sds011_4600,4.2,13.1
2020-06-08 08:58:05,sds011_4600,4.1,16.4
2020-06-08 08:59:17,sds011_4600,3.8,9.6
2020-06-08 09:00:28,sds011_4600,4.0,15.4
2020-06-08 09:01:40,sds011_4600,3.5,10.9
2020-06-08 09:02:51,sds011_4600,4.2,12.1
2020-06-08 09:04:03,sds011_4600,4.1,12.3
2020-06-08 09:05:14,sds011_4600,3.8,13.0
2020-06-08 09:06:26,sds011_4600,3.8,8.1
2020-06-08 09:07:37,sds011_4600,3.8,8.3
2020-06-08 09:08:48,sds011_4600,3.5,7.1
2020-06-08 09:10:00,sds011_4600,3.7,10.5
2020-06-08 09:11:11,sds011_4600,4.2,8.5
2020-06-08 09:12:23,sds011_4600,3.8,9.1
2020-06-08 09:13:34,sds011_4600,4.1,9.6
2020-06-08 09:14:37,sds011_4600,4.4,13.4
2020-06-08 09:15:48,sds011_4600,3.9,10.5
2020-06-08 09:17:00,sds011_4600,4.2,12.6
2020-06-08 09:18:11,sds011_4600,4.1,10.9
2020-06-08 09:19:23,sds011_4600,3.7,11.2
2020-06-08 09:20:34,sds011_4600,4.1,12.8
2020-06-08 09:21:46,sds011_4600,4.3,11.9
2020-06-08 09:22:57,sds011_4600,3.4,10.4
2020-06-08 09:24:09,sds011_4600,4.0,12.2
2020-06-08 09:25:20,sds011_4600,4.5,13.6
2020-06-08 09:26:32,sds011_4600,4.0,12.3
2020-06-08 09:27:43,sds011_4600,4.1,12.3
2020-06-08 09:28:55,sds011_4600,4.1,11.4
2020-06-08 09:30:06,sds011_4600,3.7,15.1
2020-06-08 09:31:18,sds011_4600,3.4,11.7
2020-06-08 09:32:29,sds011_4600,3.7,7.4
2020-06-08 09:33:41,sds011_4600,3.4,8.1
2020-06-08 09:34:52,sds011_4600,3.5,9.0
2020-06-08 09:36:03,sds011_4600,3.5,12.5
2020-06-08 09:37:15,sds011_4600,3.1,8.5
2020-06-08 09:38:26,sds011_4600,3.4,8.0
2020-06-08 09:39:38,sds011_4600,2.9,8.9
2020-06-08 09:40:49,sds011_4600,2.8,7.5
2020-06-08 09:41:53,sds011_4600,2.9,6.4
2020-06-08 09:43:04,sds011_4600,2.8,11.0
2020-06-08 09:44:15,sds011_4600,3.1,7.8
2020-06-08 09:45:27,sds011_4600,2.5,6.5
2020-06-08 09:46:38,sds011_4600,2.5,7.2
2020-06-08 09:47:50,sds011_4600,3.1,8.9
2020-06-08 09:49:01,sds011_4600,3.0,7.6
2020-06-08 09:50:12,sds011_4600,2.8,7.6
2020-06-08 09:51:24,sds011_4600,2.9,6.3
2020-06-08 09:52:35,sds011_4600,3.3,7.9
2020-06-08 09:53:47,sds011_4600,2.7,6.2
2020-06-08 09:54:58,sds011_4600,3.1,8.3
2020-06-08 09:56:36,sds011_4600,3.0,7.6
2020-06-08 09:57:47,sds011_4600,2.2,6.5
2020-06-08 09:58:59,sds011_4600,2.5,7.1
2020-06-08 10:00:10,sds011_4600,2.2,4.6
2020-06-08 10:01:21,sds011_4600,2.3,8.5
2020-06-08 10:02:33,sds011_4600,2.1,5.2
2020-06-08 10:03:44,sds011_4600,2.5,7.1
2020-06-08 10:04:56,sds011_4600,2.1,6.9
2020-06-08 10:06:08,sds011_4600,2.2,5.9
2020-06-08 10:07:19,sds011_4600,2.0,6.4
2020-06-08 10:08:31,sds011_4600,2.1,5.7
2020-06-08 10:09:42,sds011_4600,2.1,5.9
2020-06-08 10:10:53,sds011_4600,2.5,6.2
2020-06-08 10:12:05,sds011_4600,2.3,5.6
2020-06-08 10:13:17,sds011_4600,2.2,7.2
2020-06-08 10:14:29,sds011_4600,2.1,6.8
2020-06-08 10:15:40,sds011_4600,2.2,6.3
2020-06-08 10:16:52,sds011_4600,2.1,6.8
2020-06-08 10:18:03,sds011_4600,1.9,3.9
2020-06-08 10:19:14,sds011_4600,2.1,5.7
2020-06-08 10:20:26,sds011_4600,1.8,8.3
2020-06-08 10:21:37,sds011_4600,1.9,5.4
2020-06-08 10:22:49,sds011_4600,2.0,6.7
2020-06-08 10:24:00,sds011_4600,2.0,5.7
2020-06-08 10:25:11,sds011_4600,1.9,5.6
2020-06-08 10:26:23,sds011_4600,2.0,6.8
2020-06-08 10:27:34,sds011_4600,2.0,6.9
2020-06-08 10:28:46,sds011_4600,1.7,13.6
2020-06-08 10:29:58,sds011_4600,1.6,6.2
2020-06-08 10:31:10,sds011_4600,1.8,9.8
2020-06-08 10:32:22,sds011_4600,1.4,6.4
2020-06-08 10:33:33,sds011_4600,1.8,7.4
2020-06-08 10:34:46,sds011_4600,1.6,6.6
2020-06-08 10:35:59,sds011_4600,1.6,6.3
2020-06-08 10:37:11,sds011_4600,1.5,7.6
2020-06-08 10:38:24,sds011_4600,1.5,6.5
2020-06-08 10:39:35,sds011_4600,1.5,5.1
2020-06-08 10:40:48,sds011_4600,1.5,6.6
2020-06-08 10:42:00,sds011_4600,1.7,7.4
2020-06-08 10:43:11,sds011_4600,1.9,6.8
2020-06-08 10:44:23,sds011_4600,1.8,8.4
2020-06-08 10:45:35,sds011_4600,1.4,5.0
2020-06-08 10:46:47,sds011_4600,1.7,4.3
2020-06-08 10:48:00,sds011_4600,2.3,7.2
2020-06-08 10:49:12,sds011_4600,2.1,5.5
2020-06-08 10:50:24,sds011_4600,2.2,5.5
2020-06-08 10:51:35,sds011_4600,1.9,5.0
2020-06-08 10:52:47,sds011_4600,1.9,4.6
2020-06-08 10:53:58,sds011_4600,1.8,5.9
2020-06-08 10:55:10,sds011_4600,1.7,8.7
2020-06-08 10:56:21,sds011_4600,1.9,6.6
2020-06-08 10:57:33,sds011_4600,1.5,8.6
2020-06-08 10:58:44,sds011_4600,1.9,7.7
2020-06-08 10:59:55,sds011_4600,1.6,4.9
2020-06-08 11:01:07,sds011_4600,1.8,6.1
2020-06-08 11:02:18,sds011_4600,1.7,7.0
2020-06-08 11:03:30,sds011_4600,1.9,5.5
2020-06-08 11:04:41,sds011_4600,1.7,9.6
2020-06-08 11:05:52,sds011_4600,1.5,5.6
2020-06-08 11:07:04,sds011_4600,1.5,6.0
2020-06-08 11:08:15,sds011_4600,1.6,7.0
2020-06-08 11:09:27,sds011_4600,1.7,6.8
2020-06-08 11:10:38,sds011_4600,1.6,5.1
2020-06-08 11:11:50,sds011_4600,2.2,5.7
2020-06-08 11:13:01,sds011_4600,1.6,3.3
2020-06-08 11:14:13,sds011_4600,1.8,5.9
2020-06-08 11:15:24,sds011_4600,1.8,4.9
2020-06-08 11:16:36,sds011_4600,2.0,5.9
2020-06-08 11:17:47,sds011_4600,1.5,5.1
2020-06-08 11:18:50,sds011_4600,1.6,5.0
2020-06-08 11:20:02,sds011_4600,2.0,4.3
2020-06-08 11:21:13,sds011_4600,1.6,4.9
2020-06-08 11:22:26,sds011_4600,1.6,4.6
2020-06-08 11:23:37,sds011_4600,1.9,8.0
2020-06-08 11:24:48,sds011_4600,2.0,7.5
2020-06-08 11:26:00,sds011_4600,2.0,5.4
2020-06-08 11:27:11,sds011_4600,1.9,7.5
2020-06-08 11:28:23,sds011_4600,2.0,7.1
2020-06-08 11:29:34,sds011_4600,1.7,4.1
2020-06-08 11:30:45,sds011_4600,1.7,4.5
2020-06-08 11:31:57,sds011_4600,1.8,5.0
2020-06-08 11:33:08,sds011_4600,1.7,6.3
2020-06-08 11:34:20,sds011_4600,1.8,6.5
2020-06-08 11:35:31,sds011_4600,1.9,5.9
2020-06-08 11:36:44,sds011_4600,1.6,5.5
2020-06-08 11:37:55,sds011_4600,1.6,5.0
2020-06-08 11:39:07,sds011_4600,1.7,3.5
2020-06-08 11:40:18,sds011_4600,1.7,4.4
2020-06-08 11:41:30,sds011_4600,1.8,5.9
2020-06-08 11:42:42,sds011_4600,1.7,6.8
2020-06-08 11:43:53,sds011_4600,1.9,6.1
2020-06-08 11:45:05,sds011_4600,1.5,4.4
2020-06-08 11:46:16,sds011_4600,1.8,5.6
2020-06-08 11:47:28,sds011_4600,1.5,4.7
2020-06-08 11:48:39,sds011_4600,1.4,3.2
2020-06-08 11:49:51,sds011_4600,1.7,6.5
2020-06-08 11:51:02,sds011_4600,1.8,5.3
2020-06-08 11:52:13,sds011_4600,1.5,6.3
2020-06-08 11:53:25,sds011_4600,1.9,7.6
2020-06-08 11:54:36,sds011_4600,1.9,5.3
2020-06-08 11:55:48,sds011_4600,1.6,5.0
2020-06-08 11:56:59,sds011_4600,1.6,5.6
2020-06-08 11:58:10,sds011_4600,2.0,7.2
2020-06-08 11:59:22,sds011_4600,2.0,6.5
2020-06-08 12:00:33,sds011_4600,1.6,4.1
2020-06-08 12:01:44,sds011_4600,1.6,4.1
2020-06-08 12:02:56,sds011_4600,1.6,5.6
2020-06-08 12:04:08,sds011_4600,1.8,5.2
2020-06-08 12:05:12,sds011_4600,1.6,4.8
2020-06-08 12:06:23,sds011_4600,1.8,6.4
2020-06-08 12:07:35,sds011_4600,1.7,4.3
2020-06-08 12:08:58,sds011_4600,1.8,9.0
2020-06-08 12:10:02,sds011_4600,1.8,4.8
2020-06-08 12:11:13,sds011_4600,2.1,5.3
2020-06-08 12:12:25,sds011_4600,1.8,6.4
2020-06-08 12:13:36,sds011_4600,1.4,3.1
2020-06-08 12:14:47,sds011_4600,1.7,4.4
2020-06-08 12:15:59,sds011_4600,2.0,5.6
2020-06-08 12:17:10,sds011_4600,2.0,4.0
2020-06-08 12:18:22,sds011_4600,1.9,4.9
2020-06-08 12:19:33,sds011_4600,2.2,4.5
2020-06-08 12:20:44,sds011_4600,3.1,6.8
2020-06-08 12:21:56,sds011_4600,2.7,6.3
2020-06-08 12:23:07,sds011_4600,2.7,4.9
2020-06-08 12:24:18,sds011_4600,3.3,7.1
2020-06-08 12:25:30,sds011_4600,2.4,5.0
2020-06-08 12:26:41,sds011_4600,2.6,4.9
2020-06-08 12:27:53,sds011_4600,2.3,4.9
2020-06-08 12:29:05,sds011_4600,2.7,4.6
2020-06-08 12:30:19,sds011_4600,2.5,5.5
2020-06-08 12:31:31,sds011_4600,2.2,5.7
2020-06-08 12:32:42,sds011_4600,1.9,4.3
2020-06-08 12:33:53,sds011_4600,2.2,5.1
2020-06-08 12:35:05,sds011_4600,2.3,3.9
2020-06-08 12:36:16,sds011_4600,1.9,5.9
2020-06-08 12:37:28,sds011_4600,1.9,5.1
2020-06-08 12:38:39,sds011_4600,1.8,4.0
2020-06-08 12:39:50,sds011_4600,2.0,4.6
2020-06-08 12:41:02,sds011_4600,2.0,4.2
2020-06-08 12:42:13,sds011_4600,2.2,4.4
2020-06-08 12:43:25,sds011_4600,2.3,3.9
2020-06-08 12:44:36,sds011_4600,2.6,9.2
2020-06-08 12:45:48,sds011_4600,3.1,9.9
2020-06-08 12:46:59,sds011_4600,3.0,13.6
2020-06-08 12:48:11,sds011_4600,3.1,7.6
2020-06-08 12:49:22,sds011_4600,2.6,7.3
2020-06-08 12:50:34,sds011_4600,3.0,7.6
2020-06-08 12:51:46,sds011_4600,3.0,6.1
2020-06-08 12:53:14,sds011_4600,2.8,8.1
2020-06-08 12:54:25,sds011_4600,2.4,5.5
2020-06-08 12:55:37,sds011_4600,2.5,6.8
2020-06-08 12:56:48,sds011_4600,2.5,5.2
2020-06-08 12:57:59,sds011_4600,1.8,4.7
2020-06-08 12:59:11,sds011_4600,1.8,6.1
2020-06-08 13:00:22,sds011_4600,1.8,3.4
2020-06-08 13:01:33,sds011_4600,1.7,4.6
2020-06-08 13:02:45,sds011_4600,1.7,4.2
2020-06-08 13:03:56,sds011_4600,2.0,6.0
2020-06-08 13:05:08,sds011_4600,1.8,7.1
2020-06-08 13:06:20,sds011_4600,1.9,4.6
2020-06-08 13:07:31,sds011_4600,1.8,6.1
2020-06-08 13:08:43,sds011_4600,1.7,3.7
2020-06-08 13:09:54,sds011_4600,1.5,3.3
2020-06-08 13:11:06,sds011_4600,1.7,4.1
2020-06-08 13:12:17,sds011_4600,1.2,2.3
2020-06-08 13:13:29,sds011_4600,1.0,3.8
2020-06-08 13:14:40,sds011_4600,1.2,5.4
2020-06-08 13:15:52,sds011_4600,1.2,3.7
2020-06-08 13:17:03,sds011_4600,1.0,2.5
2020-06-08 13:18:14,sds011_4600,1.1,2.5
2020-06-08 13:19:26,sds011_4600,1.0,5.3
2020-06-08 13:20:37,sds011_4600,1.2,4.8
2020-06-08 13:21:49,sds011_4600,1.0,2.8
2020-06-08 13:23:00,sds011_4600,1.0,1.9
2020-06-08 13:24:12,sds011_4600,1.2,2.7
2020-06-08 13:25:23,sds011_4600,1.1,3.6
2020-06-08 13:26:34,sds011_4600,1.0,1.8
2020-06-08 13:27:37,sds011_4600,1.1,3.8
2020-06-08 13:28:49,sds011_4600,1.0,1.9
2020-06-08 13:30:01,sds011_4600,1.0,2.6
2020-06-08 13:31:12,sds011_4600,1.0,3.7
2020-06-08 13:32:24,sds011_4600,1.0,3.0
2020-06-08 13:33:36,sds011_4600,1.2,3.0
2020-06-08 13:34:47,sds011_4600,1.2,3.3
2020-06-08 13:35:58,sds011_4600,1.3,3.6
2020-06-08 13:37:10,sds011_4600,1.1,4.0
2020-06-08 13:38:21,sds011_4600,1.3,4.6
2020-06-08 13:39:34,sds011_4600,1.2,6.2
2020-06-08 13:40:46,sds011_4600,1.5,5.1
2020-06-08 13:41:58,sds011_4600,1.6,4.8
2020-06-08 13:43:10,sds011_4600,1.4,3.8
2020-06-08 13:44:21,sds011_4600,1.2,2.9
2020-06-08 13:45:32,sds011_4600,1.1,4.2
2020-06-08 13:46:44,sds011_4600,1.1,3.7
2020-06-08 13:47:55,sds011_4600,1.1,3.6
2020-06-08 13:49:07,sds011_4600,1.6,5.9
2020-06-08 13:50:18,sds011_4600,1.4,4.2
2020-06-08 13:51:29,sds011_4600,1.4,7.1
2020-06-08 13:52:41,sds011_4600,1.5,8.1
2020-06-08 13:53:52,sds011_4600,1.5,6.1
2020-06-08 13:55:04,sds011_4600,1.1,4.6
2020-06-08 13:56:15,sds011_4600,1.4,5.4
2020-06-08 13:57:27,sds011_4600,1.3,6.4
2020-06-08 13:58:38,sds011_4600,1.4,4.9
2020-06-08 13:59:50,sds011_4600,1.4,5.9
2020-06-08 14:01:02,sds011_4600,1.6,5.3
2020-06-08 14:02:14,sds011_4600,1.6,5.0
2020-06-08 14:03:25,sds011_4600,1.3,3.6
2020-06-08 14:04:36,sds011_4600,1.5,5.5
2020-06-08 14:05:48,sds011_4600,1.5,3.8
2020-06-08 14:07:00,sds011_4600,1.5,6.8
2020-06-08 14:08:12,sds011_4600,1.5,6.6
2020-06-08 14:09:15,sds011_4600,1.5,7.3
2020-06-08 14:10:27,sds011_4600,1.3,5.1
2020-06-08 14:11:38,sds011_4600,1.5,5.5
2020-06-08 14:12:50,sds011_4600,1.5,4.5
2020-06-08 14:14:01,sds011_4600,1.5,4.4
2020-06-08 14:15:13,sds011_4600,1.1,3.9
2020-06-08 14:16:25,sds011_4600,1.4,4.7
2020-06-08 14:17:37,sds011_4600,1.2,4.2
2020-06-08 14:18:48,sds011_4600,1.1,7.0
2020-06-08 14:19:59,sds011_4600,1.6,6.1
2020-06-08 14:21:11,sds011_4600,1.5,10.9
2020-06-08 14:22:22,sds011_4600,1.3,4.8
2020-06-08 14:23:33,sds011_4600,1.8,5.8
2020-06-08 14:24:45,sds011_4600,1.9,5.5
2020-06-08 14:25:56,sds011_4600,2.0,5.6
2020-06-08 14:27:07,sds011_4600,2.1,6.5
2020-06-08 14:28:19,sds011_4600,2.1,8.3
2020-06-08 14:29:30,sds011_4600,2.2,5.6
2020-06-08 14:30:42,sds011_4600,2.4,6.3
2020-06-08 14:31:55,sds011_4600,2.6,8.8
2020-06-08 14:33:06,sds011_4600,2.1,9.1
2020-06-08 14:34:18,sds011_4600,1.8,4.6
2020-06-08 14:35:29,sds011_4600,2.0,5.9
2020-06-08 14:36:41,sds011_4600,2.4,6.8
2020-06-08 14:37:52,sds011_4600,2.1,6.0
2020-06-08 14:39:04,sds011_4600,1.8,4.5
2020-06-08 14:40:15,sds011_4600,2.3,7.6
2020-06-08 14:41:27,sds011_4600,1.5,5.2
2020-06-08 14:42:41,sds011_4600,2.2,7.7
2020-06-08 14:43:52,sds011_4600,2.4,12.7
2020-06-08 14:45:04,sds011_4600,2.6,8.7
2020-06-08 14:46:16,sds011_4600,2.8,11.7
2020-06-08 14:47:27,sds011_4600,2.2,8.4
2020-06-08 14:48:41,sds011_4600,2.6,7.1
2020-06-08 14:49:52,sds011_4600,1.9,5.5
2020-06-08 14:51:03,sds011_4600,2.1,6.1
2020-06-08 14:52:15,sds011_4600,2.1,6.5
2020-06-08 14:53:26,sds011_4600,2.0,5.2
2020-06-08 14:54:38,sds011_4600,2.2,6.2
2020-06-08 14:55:49,sds011_4600,2.4,5.3
2020-06-08 14:57:01,sds011_4600,2.2,6.2
2020-06-08 14:58:12,sds011_4600,2.5,6.4
2020-06-08 14:59:24,sds011_4600,2.9,7.9
2020-06-08 15:00:35,sds011_4600,2.6,8.0
2020-06-08 15:01:47,sds011_4600,2.3,6.6
2020-06-08 15:02:58,sds011_4600,2.3,7.5
2020-06-08 15:04:10,sds011_4600,2.1,7.2
2020-06-08 15:05:21,sds011_4600,1.9,4.3
2020-06-08 15:06:32,sds011_4600,2.0,7.7
2020-06-08 15:07:44,sds011_4600,2.0,9.2
2020-06-08 15:08:55,sds011_4600,1.8,4.1
2020-06-08 15:10:06,sds011_4600,1.8,6.1
2020-06-08 15:11:18,sds011_4600,1.8,5.2
2020-06-08 15:12:29,sds011_4600,2.0,8.3
2020-06-08 15:13:41,sds011_4600,1.8,6.5
2020-06-08 15:14:53,sds011_4600,1.6,6.5
2020-06-08 15:16:06,sds011_4600,1.6,3.9
2020-06-08 15:17:18,sds011_4600,1.8,7.4
2020-06-08 15:18:29,sds011_4600,1.4,5.9
2020-06-08 15:19:40,sds011_4600,1.6,7.3
2020-06-08 15:20:52,sds011_4600,1.5,8.1
2020-06-08 15:22:03,sds011_4600,1.6,5.9
2020-06-08 15:23:15,sds011_4600,1.8,4.8
2020-06-08 15:24:26,sds011_4600,1.5,6.2
2020-06-08 15:25:38,sds011_4600,1.7,6.4
2020-06-08 15:26:49,sds011_4600,1.9,6.8
2020-06-08 15:28:01,sds011_4600,1.2,5.2
2020-06-08 15:29:12,sds011_4600,1.2,4.8
2020-06-08 15:30:24,sds011_4600,1.2,3.9
2020-06-08 15:31:37,sds011_4600,1.6,6.5
2020-06-08 15:32:48,sds011_4600,1.3,3.2
2020-06-08 15:34:00,sds011_4600,1.4,4.8
2020-06-08 15:35:11,sds011_4600,1.3,4.9
2020-06-08 15:36:23,sds011_4600,1.2,6.0
2020-06-08 15:37:35,sds011_4600,1.6,8.1
2020-06-08 15:38:47,sds011_4600,1.3,4.1
2020-06-08 15:39:58,sds011_4600,1.4,7.0
2020-06-08 15:41:11,sds011_4600,1.4,4.7
2020-06-08 15:42:22,sds011_4600,1.2,3.6
2020-06-08 15:43:35,sds011_4600,1.5,8.4
2020-06-08 15:44:39,sds011_4600,1.4,4.5
2020-06-08 15:45:50,sds011_4600,1.2,2.9
2020-06-08 15:47:02,sds011_4600,1.4,4.3
2020-06-08 15:48:14,sds011_4600,1.3,7.0
2020-06-08 15:49:26,sds011_4600,1.6,9.3
2020-06-08 15:50:37,sds011_4600,2.3,5.5
2020-06-08 15:51:49,sds011_4600,1.9,6.9
2020-06-08 15:53:00,sds011_4600,2.2,7.5
2020-06-08 15:54:12,sds011_4600,1.8,3.4
2020-06-08 15:55:23,sds011_4600,1.5,5.3
2020-06-08 15:56:35,sds011_4600,1.5,5.3
2020-06-08 15:57:47,sds011_4600,1.4,4.8
2020-06-08 15:58:59,sds011_4600,1.4,5.6
2020-06-08 16:00:10,sds011_4600,1.4,6.2
2020-06-08 16:01:22,sds011_4600,1.7,4.4
2020-06-08 16:02:35,sds011_4600,1.4,7.3
2020-06-08 16:03:47,sds011_4600,1.4,3.9
2020-06-08 16:05:04,sds011_4600,1.9,6.3
2020-06-08 16:06:15,sds011_4600,1.8,6.3
2020-06-08 16:07:27,sds011_4600,1.8,5.4
2020-06-08 16:08:39,sds011_4600,1.9,5.9
2020-06-08 16:09:51,sds011_4600,2.1,7.4
2020-06-08 16:11:03,sds011_4600,1.9,6.4
2020-06-08 16:12:15,sds011_4600,2.4,5.8
2020-06-08 16:13:27,sds011_4600,2.0,5.5
2020-06-08 16:14:39,sds011_4600,1.8,4.4
2020-06-08 16:15:50,sds011_4600,2.0,7.3
2020-06-08 16:17:02,sds011_4600,1.9,9.2
2020-06-08 16:18:13,sds011_4600,2.1,9.1
2020-06-08 16:19:25,sds011_4600,1.9,5.9
2020-06-08 16:20:37,sds011_4600,1.9,11.8
2020-06-08 16:21:48,sds011_4600,1.7,4.4
2020-06-08 16:23:00,sds011_4600,1.7,7.3
2020-06-08 16:24:12,sds011_4600,1.7,6.0
2020-06-08 16:25:24,sds011_4600,1.5,6.2
2020-06-08 16:26:35,sds011_4600,1.5,7.1
2020-06-08 16:27:46,sds011_4600,1.5,6.7
2020-06-08 16:28:50,sds011_4600,1.5,4.5
2020-06-08 16:30:02,sds011_4600,1.5,3.6
2020-06-08 16:31:13,sds011_4600,1.6,8.1
2020-06-08 16:32:25,sds011_4600,1.9,7.8
2020-06-08 16:33:37,sds011_4600,1.6,5.2
2020-06-08 16:34:49,sds011_4600,1.5,6.1
2020-06-08 16:36:01,sds011_4600,1.4,5.6
2020-06-08 16:37:13,sds011_4600,1.5,7.1
2020-06-08 16:38:25,sds011_4600,1.7,6.9
2020-06-08 16:39:37,sds011_4600,1.8,5.9
2020-06-08 16:40:50,sds011_4600,1.7,7.3
2020-06-08 16:41:53,sds011_4600,1.3,8.4
2020-06-08 16:43:04,sds011_4600,1.5,5.3
2020-06-08 16:44:17,sds011_4600,1.5,5.3
2020-06-08 16:45:29,sds011_4600,1.6,3.8
2020-06-08 16:46:40,sds011_4600,1.8,6.2
2020-06-08 16:47:52,sds011_4600,1.5,5.7
2020-06-08 16:49:03,sds011_4600,1.6,5.5
2020-06-08 16:50:15,sds011_4600,2.0,14.6
2020-06-08 16:51:27,sds011_4600,1.6,7.0
2020-06-08 16:52:38,sds011_4600,1.6,6.2
2020-06-08 16:53:50,sds011_4600,1.4,4.8
2020-06-08 16:55:01,sds011_4600,1.6,5.6
2020-06-08 16:56:13,sds011_4600,1.6,5.8
2020-06-08 16:57:24,sds011_4600,1.9,7.2
2020-06-08 16:58:36,sds011_4600,1.5,5.0
2020-06-08 16:59:48,sds011_4600,1.5,5.8
2020-06-08 17:01:00,sds011_4600,1.6,6.8
2020-06-08 17:02:12,sds011_4600,1.6,7.4
2020-06-08 17:03:23,sds011_4600,1.6,4.2
2020-06-08 17:04:26,sds011_4600,1.6,4.8
2020-06-08 17:05:38,sds011_4600,1.6,5.2
2020-06-08 17:06:49,sds011_4600,1.8,6.6
2020-06-08 17:08:01,sds011_4600,1.9,7.6
2020-06-08 17:09:14,sds011_4600,1.6,3.4
2020-06-08 17:10:26,sds011_4600,1.6,7.0
2020-06-08 17:11:38,sds011_4600,1.6,6.0
2020-06-08 17:12:50,sds011_4600,2.0,7.3
2020-06-08 17:14:01,sds011_4600,1.7,4.1
2020-06-08 17:15:13,sds011_4600,1.8,3.6
2020-06-08 17:16:25,sds011_4600,1.8,5.3
2020-06-08 17:17:50,sds011_4600,2.1,10.5
2020-06-08 17:18:55,sds011_4600,1.8,3.6
2020-06-08 17:20:07,sds011_4600,2.1,8.0
2020-06-08 17:21:11,sds011_4600,2.3,6.0
2020-06-08 17:22:22,sds011_4600,2.4,9.9
2020-06-08 17:23:34,sds011_4600,2.5,9.9
2020-06-08 17:24:37,sds011_4600,2.5,9.4
2020-06-08 17:25:50,sds011_4600,3.1,7.4
2020-06-08 17:27:02,sds011_4600,3.7,8.0
2020-06-08 17:28:14,sds011_4600,4.1,14.1
2020-06-08 17:29:25,sds011_4600,4.3,11.3
2020-06-08 17:30:37,sds011_4600,4.3,13.8
2020-06-08 17:31:49,sds011_4600,4.3,13.8
2020-06-08 17:33:01,sds011_4600,4.5,11.3
2020-06-08 17:34:13,sds011_4600,4.7,11.3
2020-06-08 17:35:24,sds011_4600,6.0,13.4
2020-06-08 17:36:36,sds011_4600,6.3,14.8
2020-06-08 17:37:48,sds011_4600,6.2,13.7
2020-06-08 17:38:59,sds011_4600,6.2,12.7
2020-06-08 17:40:10,sds011_4600,7.2,15.6
2020-06-08 17:41:22,sds011_4600,9.3,20.8
2020-06-08 17:42:25,sds011_4600,7.5,12.1
2020-06-08 17:43:37,sds011_4600,9.6,17.6
2020-06-08 17:44:50,sds011_4600,9.4,18.2
2020-06-08 17:46:02,sds011_4600,9.5,17.6
2020-06-08 17:47:13,sds011_4600,10.0,17.8
2020-06-08 17:48:26,sds011_4600,8.8,13.1
2020-06-08 17:49:37,sds011_4600,8.8,14.0
2020-06-08 17:50:41,sds011_4600,10.0,20.2
2020-06-08 17:51:53,sds011_4600,10.2,18.6
2020-06-08 17:53:04,sds011_4600,9.7,16.4
2020-06-08 17:54:16,sds011_4600,11.0,21.2
2020-06-08 17:55:27,sds011_4600,10.8,17.5
2020-06-08 17:56:39,sds011_4600,11.5,22.8
2020-06-08 17:57:44,sds011_4600,10.8,19.7
2020-06-08 17:58:56,sds011_4600,11.1,17.1
2020-06-08 18:00:08,sds011_4600,11.9,19.1
2020-06-08 18:01:12,sds011_4600,12.7,19.5
2020-06-08 18:02:23,sds011_4600,12.0,18.4
2020-06-08 18:03:27,sds011_4600,12.4,20.8
2020-06-08 18:04:39,sds011_4600,11.5,15.6
2020-06-08 18:05:51,sds011_4600,11.8,23.1
2020-06-08 18:07:05,sds011_4600,11.7,18.8
2020-06-08 18:08:20,sds011_4600,11.2,17.7
2020-06-08 18:09:31,sds011_4600,14.2,25.6
2020-06-08 18:10:43,sds011_4600,14.5,23.6
2020-06-08 18:11:46,sds011_4600,13.5,23.1
2020-06-08 18:12:59,sds011_4600,13.4,20.2
2020-06-08 18:14:11,sds011_4600,12.9,19.3
2020-06-08 18:15:22,sds011_4600,13.9,22.5
2020-06-08 18:16:34,sds011_4600,12.6,18.0
2020-06-08 18:17:47,sds011_4600,13.9,20.3
2020-06-08 18:18:59,sds011_4600,13.5,22.7
2020-06-08 18:20:10,sds011_4600,12.7,18.6
2020-06-08 18:21:22,sds011_4600,13.3,17.7
2020-06-08 18:22:33,sds011_4600,13.4,20.2
2020-06-08 18:23:45,sds011_4600,12.9,20.2
2020-06-08 18:24:56,sds011_4600,13.0,18.4
2020-06-08 18:26:08,sds011_4600,12.9,18.3
2020-06-08 18:27:19,sds011_4600,12.9,18.5
2020-06-08 18:28:33,sds011_4600,13.7,22.5
2020-06-08 18:29:36,sds011_4600,14.2,21.6
2020-06-08 18:30:49,sds011_4600,13.4,23.6
2020-06-08 18:32:00,sds011_4600,14.8,24.0
2020-06-08 18:33:12,sds011_4600,14.0,21.4
2020-06-08 18:34:23,sds011_4600,16.6,28.1
2020-06-08 18:35:34,sds011_4600,13.8,20.6
2020-06-08 18:36:46,sds011_4600,16.3,27.0
2020-06-08 18:37:57,sds011_4600,16.7,29.6
2020-06-08 18:39:09,sds011_4600,14.7,21.4
2020-06-08 18:40:20,sds011_4600,14.1,21.2
2020-06-08 18:41:32,sds011_4600,13.4,24.0
2020-06-08 18:42:44,sds011_4600,16.7,24.4
2020-06-08 18:43:58,sds011_4600,15.2,25.8
2020-06-08 18:45:09,sds011_4600,13.6,22.5
2020-06-08 18:46:13,sds011_4600,18.3,32.0
2020-06-08 18:47:26,sds011_4600,19.5,32.6
2020-06-08 18:48:39,sds011_4600,15.7,23.8
2020-06-08 18:49:51,sds011_4600,17.7,27.7
2020-06-08 18:51:02,sds011_4600,17.4,27.2
2020-06-08 18:52:14,sds011_4600,21.1,31.2
2020-06-08 18:53:25,sds011_4600,20.8,34.9
2020-06-08 18:54:37,sds011_4600,16.8,24.1
2020-06-08 18:55:41,sds011_4600,18.7,26.1
2020-06-08 18:56:53,sds011_4600,20.3,34.2
2020-06-08 18:58:07,sds011_4600,21.4,32.4
2020-06-08 18:59:14,sds011_4600,18.7,30.1
2020-06-08 19:00:26,sds011_4600,18.9,27.7
2020-06-08 19:01:38,sds011_4600,20.1,28.9
2020-06-08 19:02:50,sds011_4600,21.5,33.0
2020-06-08 19:04:01,sds011_4600,20.4,30.0
2020-06-08 19:05:14,sds011_4600,22.2,32.0
2020-06-08 19:06:26,sds011_4600,21.3,29.6
2020-06-08 19:07:38,sds011_4600,22.5,30.2
2020-06-08 19:08:51,sds011_4600,25.6,40.4
2020-06-08 19:09:58,sds011_4600,24.4,33.4
2020-06-08 19:11:10,sds011_4600,26.5,39.4
2020-06-08 19:12:14,sds011_4600,23.3,39.6
2020-06-08 19:13:25,sds011_4600,26.8,38.9
2020-06-08 19:14:37,sds011_4600,27.1,41.8
2020-06-08 19:15:40,sds011_4600,28.5,41.0
2020-06-08 19:16:52,sds011_4600,22.6,29.1
2020-06-08 19:18:03,sds011_4600,25.8,41.4
2020-06-08 19:19:14,sds011_4600,25.5,35.4
2020-06-08 19:20:26,sds011_4600,28.5,43.6
2020-06-08 19:21:37,sds011_4600,27.9,41.0
2020-06-08 19:22:49,sds011_4600,24.7,33.2
2020-06-08 19:24:00,sds011_4600,23.5,32.0
2020-06-08 19:25:11,sds011_4600,23.4,33.4
2020-06-08 19:26:23,sds011_4600,28.1,40.1
2020-06-08 19:27:34,sds011_4600,30.2,47.6
2020-06-08 19:28:45,sds011_4600,27.3,40.7
2020-06-08 19:29:59,sds011_4600,27.4,37.5
2020-06-08 19:31:11,sds011_4600,27.4,39.5
2020-06-08 19:32:23,sds011_4600,29.7,44.4
2020-06-08 19:33:34,sds011_4600,25.9,33.3
2020-06-08 19:34:45,sds011_4600,30.5,44.9
2020-06-08 19:35:57,sds011_4600,30.5,44.8
2020-06-08 19:37:08,sds011_4600,29.7,46.8
2020-06-08 19:38:20,sds011_4600,30.6,43.9
2020-06-08 19:39:31,sds011_4600,29.2,46.7
2020-06-08 19:40:43,sds011_4600,30.5,43.9
2020-06-08 19:41:54,sds011_4600,30.6,48.9
2020-06-08 19:43:05,sds011_4600,31.9,46.9
2020-06-08 19:44:17,sds011_4600,28.3,41.6
2020-06-08 19:45:28,sds011_4600,30.2,47.3
2020-06-08 19:46:40,sds011_4600,31.9,42.0
2020-06-08 19:47:51,sds011_4600,32.5,45.6
2020-06-08 19:49:03,sds011_4600,31.9,46.0
2020-06-08 19:50:14,sds011_4600,33.2,47.6
2020-06-08 19:51:25,sds011_4600,32.1,46.2
2020-06-08 19:52:37,sds011_4600,35.1,48.7
2020-06-08 19:53:49,sds011_4600,34.9,51.7
2020-06-08 19:55:01,sds011_4600,35.0,53.6
2020-06-08 19:56:13,sds011_4600,34.9,53.0
2020-06-08 19:57:24,sds011_4600,34.2,50.8
2020-06-08 19:58:36,sds011_4600,31.6,44.4
2020-06-08 19:59:47,sds011_4600,35.6,50.9
2020-06-08 20:00:51,sds011_4600,35.0,53.8
2020-06-08 20:02:02,sds011_4600,32.5,46.8
2020-06-08 20:03:14,sds011_4600,36.1,52.1
2020-06-08 20:04:25,sds011_4600,36.4,55.7
2020-06-08 20:05:38,sds011_4600,37.6,56.8
2020-06-08 20:06:50,sds011_4600,35.3,52.3
2020-06-08 20:08:01,sds011_4600,35.1,50.9
2020-06-08 20:09:12,sds011_4600,34.2,48.5
2020-06-08 20:10:24,sds011_4600,34.8,50.4
2020-06-08 20:11:35,sds011_4600,39.6,57.5
2020-06-08 20:12:47,sds011_4600,38.3,55.9
2020-06-08 20:13:58,sds011_4600,40.5,61.2
2020-06-08 20:15:09,sds011_4600,37.5,51.3
2020-06-08 20:16:23,sds011_4600,37.7,52.3
2020-06-08 20:17:34,sds011_4600,36.8,50.5
2020-06-08 20:18:46,sds011_4600,36.4,49.7
2020-06-08 20:19:57,sds011_4600,37.0,53.5
2020-06-08 20:21:08,sds011_4600,34.7,46.4
2020-06-08 20:22:20,sds011_4600,40.5,52.9
2020-06-08 20:23:31,sds011_4600,39.0,54.5
2020-06-08 20:24:43,sds011_4600,41.8,63.8
2020-06-08 20:25:54,sds011_4600,41.1,59.8
2020-06-08 20:27:05,sds011_4600,41.4,61.5
2020-06-08 20:28:09,sds011_4600,39.9,57.0
2020-06-08 20:29:20,sds011_4600,39.0,54.9
2020-06-08 20:30:46,sds011_4600,39.7,55.5
2020-06-08 20:31:59,sds011_4600,42.5,61.6
2020-06-08 20:33:11,sds011_4600,41.9,60.9
2020-06-08 20:34:22,sds011_4600,35.4,45.6
2020-06-08 20:35:33,sds011_4600,43.1,59.2
2020-06-08 20:36:45,sds011_4600,41.5,55.2
2020-06-08 20:37:56,sds011_4600,44.2,67.1
2020-06-08 20:39:07,sds011_4600,43.4,58.9
2020-06-08 20:40:19,sds011_4600,40.8,56.0
2020-06-08 20:41:30,sds011_4600,41.9,60.9
2020-06-08 20:42:41,sds011_4600,46.0,59.9
2020-06-08 20:43:53,sds011_4600,46.2,64.0
2020-06-08 20:45:04,sds011_4600,41.4,54.1
2020-06-08 20:46:15,sds011_4600,39.6,53.2
2020-06-08 20:47:27,sds011_4600,45.1,64.8
2020-06-08 20:48:38,sds011_4600,47.1,67.3
2020-06-08 20:49:42,sds011_4600,45.1,68.8
2020-06-08 20:50:53,sds011_4600,45.5,62.3
2020-06-08 20:52:05,sds011_4600,46.6,68.9
2020-06-08 20:53:16,sds011_4600,47.1,67.1
2020-06-08 20:54:27,sds011_4600,48.4,70.7
2020-06-08 20:55:39,sds011_4600,47.5,68.0
2020-06-08 20:56:50,sds011_4600,47.9,65.4
2020-06-08 20:58:02,sds011_4600,46.3,69.0
2020-06-08 20:59:13,sds011_4600,47.4,66.4
2020-06-08 21:00:24,sds011_4600,47.2,64.8
2020-06-08 21:01:36,sds011_4600,47.7,68.7
2020-06-08 21:02:47,sds011_4600,46.3,61.7
2020-06-08 21:03:58,sds011_4600,47.9,70.3
2020-06-08 21:05:10,sds011_4600,46.9,66.9
2020-06-08 21:06:21,sds011_4600,46.5,65.5
2020-06-08 21:07:34,sds011_4600,47.7,71.5
2020-06-08 21:08:46,sds011_4600,46.9,63.4
2020-06-08 21:09:57,sds011_4600,46.2,65.1
2020-06-08 21:11:09,sds011_4600,48.9,73.0
2020-06-08 21:12:20,sds011_4600,45.6,70.0
2020-06-08 21:13:31,sds011_4600,47.8,76.0
2020-06-08 21:14:43,sds011_4600,46.7,70.1
2020-06-08 21:15:54,sds011_4600,46.5,68.0
2020-06-08 21:17:05,sds011_4600,48.0,67.2
2020-06-08 21:18:17,sds011_4600,47.5,68.1
2020-06-08 21:19:28,sds011_4600,47.2,66.1
2020-06-08 21:20:39,sds011_4600,45.7,63.9
2020-06-08 21:21:51,sds011_4600,45.7,64.6
2020-06-08 21:23:02,sds011_4600,47.9,69.8
2020-06-08 21:24:14,sds011_4600,47.0,64.5
2020-06-08 21:25:37,sds011_4600,47.2,68.6
2020-06-08 21:26:49,sds011_4600,47.8,66.8
2020-06-08 21:28:00,sds011_4600,48.1,73.7
2020-06-08 21:29:12,sds011_4600,47.3,65.9
2020-06-08 21:30:23,sds011_4600,47.0,63.0
2020-06-08 21:31:35,sds011_4600,48.3,72.0
2020-06-08 21:32:46,sds011_4600,46.3,60.4
2020-06-08 21:33:58,sds011_4600,46.7,66.1
2020-06-08 21:35:09,sds011_4600,47.5,72.6
2020-06-08 21:36:12,sds011_4600,46.0,62.0
2020-06-08 21:37:24,sds011_4600,44.8,66.0
2020-06-08 21:38:27,sds011_4600,45.1,60.6
2020-06-08 21:39:39,sds011_4600,46.5,65.3
2020-06-08 21:40:50,sds011_4600,46.3,72.3
2020-06-08 21:42:02,sds011_4600,45.5,65.9
2020-06-08 21:43:13,sds011_4600,46.1,68.0
2020-06-08 21:44:25,sds011_4600,46.2,62.8
2020-06-08 21:45:36,sds011_4600,43.4,57.0
2020-06-08 21:46:47,sds011_4600,46.2,68.8
2020-06-08 21:47:51,sds011_4600,44.0,59.3
2020-06-08 21:49:02,sds011_4600,44.3,61.2
2020-06-08 21:50:14,sds011_4600,42.2,54.6
2020-06-08 21:51:25,sds011_4600,43.1,57.2
2020-06-08 21:52:37,sds011_4600,44.4,64.8
2020-06-08 21:53:48,sds011_4600,46.0,64.5
2020-06-08 21:55:00,sds011_4600,48.0,70.0
2020-06-08 21:56:11,sds011_4600,48.2,70.3
2020-06-08 21:57:23,sds011_4600,47.2,68.5
2020-06-08 21:58:35,sds011_4600,47.3,68.8
2020-06-08 21:59:48,sds011_4600,49.8,71.2
2020-06-08 22:01:00,sds011_4600,49.1,71.6
2020-06-08 22:02:11,sds011_4600,47.9,70.7
2020-06-08 22:03:14,sds011_4600,50.0,78.0
2020-06-08 22:04:25,sds011_4600,48.7,67.7
2020-06-08 22:05:38,sds011_4600,47.3,64.6
2020-06-08 22:06:50,sds011_4600,49.4,71.6
2020-06-08 22:08:03,sds011_4600,48.1,73.4
2020-06-08 22:09:06,sds011_4600,48.1,71.0
2020-06-08 22:10:18,sds011_4600,46.5,63.6
2020-06-08 22:11:29,sds011_4600,45.7,64.5
2020-06-08 22:12:41,sds011_4600,49.6,70.3
2020-06-08 22:13:53,sds011_4600,49.9,72.8
2020-06-08 22:15:05,sds011_4600,45.9,61.7
2020-06-08 22:16:17,sds011_4600,48.4,66.4
2020-06-08 22:17:29,sds011_4600,46.1,67.2
2020-06-08 22:18:41,sds011_4600,47.5,70.8
2020-06-08 22:19:53,sds011_4600,48.2,74.0
2020-06-08 22:21:05,sds011_4600,48.2,77.3
2020-06-08 22:22:17,sds011_4600,47.9,74.8
2020-06-08 22:23:29,sds011_4600,49.6,87.5
2020-06-08 22:24:41,sds011_4600,47.8,79.2
2020-06-08 22:25:44,sds011_4600,48.6,81.3
2020-06-08 22:26:56,sds011_4600,47.0,78.9
2020-06-08 22:28:11,sds011_4600,47.8,79.0
2020-06-08 22:29:24,sds011_4600,49.0,85.6
2020-06-08 22:30:35,sds011_4600,49.2,82.6
2020-06-08 22:31:48,sds011_4600,48.5,87.2
2020-06-08 22:33:00,sds011_4600,49.9,85.1
2020-06-08 22:34:11,sds011_4600,49.5,82.9
2020-06-08 22:35:23,sds011_4600,49.5,87.9
2020-06-08 22:36:34,sds011_4600,47.4,75.2
2020-06-08 22:37:46,sds011_4600,46.1,74.7
2020-06-08 22:38:58,sds011_4600,47.2,80.4
2020-06-08 22:40:10,sds011_4600,47.7,78.8
2020-06-08 22:41:22,sds011_4600,45.9,76.9
2020-06-08 22:42:33,sds011_4600,45.9,73.2
2020-06-08 22:43:44,sds011_4600,45.9,74.7
2020-06-08 22:44:56,sds011_4600,47.2,77.9
2020-06-08 22:46:08,sds011_4600,47.8,76.7
2020-06-08 22:47:19,sds011_4600,47.0,73.2
2020-06-08 22:48:30,sds011_4600,47.7,77.3
2020-06-08 22:49:42,sds011_4600,47.1,73.0
2020-06-08 22:50:54,sds011_4600,46.1,81.3
2020-06-08 22:52:05,sds011_4600,46.1,77.5
2020-06-08 22:53:18,sds011_4600,47.2,83.3
2020-06-08 22:54:30,sds011_4600,46.5,83.3
2020-06-08 22:55:41,sds011_4600,46.7,74.4
2020-06-08 22:56:53,sds011_4600,46.2,84.2
2020-06-08 22:58:04,sds011_4600,44.7,82.7
2020-06-08 22:59:16,sds011_4600,45.6,78.8
2020-06-08 23:00:27,sds011_4600,46.6,76.0
2020-06-08 23:01:39,sds011_4600,44.9,78.5
2020-06-08 23:02:51,sds011_4600,45.1,81.7
2020-06-08 23:04:03,sds011_4600,44.1,70.1
2020-06-08 23:05:14,sds011_4600,44.4,78.7
2020-06-08 23:06:26,sds011_4600,44.2,80.6
2020-06-08 23:07:38,sds011_4600,44.0,74.0
2020-06-08 23:08:49,sds011_4600,44.6,81.6
2020-06-08 23:10:01,sds011_4600,43.7,79.9
2020-06-08 23:11:15,sds011_4600,43.6,78.7
2020-06-08 23:12:23,sds011_4600,43.0,70.3
2020-06-08 23:13:37,sds011_4600,43.1,74.6
2020-06-08 23:14:48,sds011_4600,40.6,69.5
2020-06-08 23:16:14,sds011_4600,42.7,74.0
2020-06-08 23:17:25,sds011_4600,41.7,73.4
2020-06-08 23:18:37,sds011_4600,42.9,80.4
2020-06-08 23:19:50,sds011_4600,41.3,78.1
2020-06-08 23:21:01,sds011_4600,41.9,79.4
2020-06-08 23:22:05,sds011_4600,41.0,72.1
2020-06-08 23:23:17,sds011_4600,40.7,77.6
2020-06-08 23:24:28,sds011_4600,40.1,67.6
2020-06-08 23:25:39,sds011_4600,41.6,77.7
2020-06-08 23:26:51,sds011_4600,41.0,75.3
2020-06-08 23:28:02,sds011_4600,39.8,67.9
2020-06-08 23:29:13,sds011_4600,39.2,66.7
2020-06-08 23:30:25,sds011_4600,38.4,65.8
2020-06-08 23:31:36,sds011_4600,39.1,76.9
2020-06-08 23:32:47,sds011_4600,37.7,70.7
2020-06-08 23:34:19,sds011_4600,38.2,71.9
2020-06-08 23:35:31,sds011_4600,38.9,79.9
2020-06-08 23:36:42,sds011_4600,38.4,72.8
2020-06-08 23:37:53,sds011_4600,39.2,74.9
2020-06-08 23:39:05,sds011_4600,40.3,80.0
2020-06-08 23:40:16,sds011_4600,39.5,81.6
2020-06-08 23:41:28,sds011_4600,38.6,75.8
2020-06-08 23:42:39,sds011_4600,38.5,83.0
2020-06-08 23:43:50,sds011_4600,38.6,75.8
2020-06-08 23:45:02,sds011_4600,37.9,78.4
2020-06-08 23:46:13,sds011_4600,38.6,81.2
2020-06-08 23:47:24,sds011_4600,36.8,73.7
2020-06-08 23:48:36,sds011_4600,36.4,76.9
2020-06-08 23:49:47,sds011_4600,34.9,72.8
2020-06-08 23:50:59,sds011_4600,35.3,64.2
2020-06-08 23:52:10,sds011_4600,34.5,65.5
2020-06-08 23:53:22,sds011_4600,33.9,67.3
2020-06-08 23:54:33,sds011_4600,33.4,61.4
2020-06-08 23:55:44,sds011_4600,33.7,66.2
2020-06-08 23:56:56,sds011_4600,32.4,63.4
2020-06-08 23:58:07,sds011_4600,32.2,54.2
2020-06-08 23:59:10,sds011_4600,32.4,56.2
